#          ,series1      ,series2      ,series3      ,series4      ,series5      ,series6      ,series7      ,series8      ,series9      ,series10     ,series11     ,series12     ,series13     ,series14     ,series15     ,series16     ,series17     ,series18     ,series19     ,series20     ,series21     ,series22     ,series23     ,series24     ,series25     ,series26     ,series27     ,series28     ,series29     ,series30     ,series31     ,series32     ,series33     ,series34     ,series35     ,series36     ,series37     ,series38     ,series39     ,series40     ,series41     ,series42     ,series43     ,series44     ,series45     ,series46     ,series47     ,series48     ,series49     ,series50     
series1    ,0.6449437866125354,0.7148676855101216,0.8733439734985688,0.13990456016894204,0.43167045370997925,0.13079720240313253,0.6275233995874804,0.7642341421644001,0.27791156624308366,0.44457702183303527,0.7305678663836435,0.4498962287170081,0.3938789308762637,0.8356860386293051,0.2387928105547371,0.013668598788650566,0.9006275617904759,0.3574685366400764,0.3520325956877225,0.38438889907695695,0.06587981531998388,0.9352718850366581,0.028398387734924424,0.26237622683496264,0.909184485966763,0.20555096844597986,0.21036741852852459,0.08428618602651317,0.9487651032013431,0.5603752584912293,0.5612434897594788,0.881095822674541,0.8023388834533636,0.7406720812723748,0.06632032327973147,0.7972337110800938,0.9907176015306652,0.8065398049702879,0.829524343725583,0.9667614763462685,0.42347136524988394,0.6704732754622768,0.6865090990177295,0.7425446688412147,0.4641117504866342,0.7581860325299434,0.15237773242904917,0.03715306740804103,0.0376903603994575,0.7360713888551722
series2    ,0.288847891164287,0.6527522673634366,0.487715316211222,0.35708424052605414,0.47374527033249825,0.6026558912242123,0.5417771355262709,0.02528230208623916,0.3023904027892904,0.13700595657467596,0.8825209034908555,0.8743430482950393,0.07752817329381512,0.304420941801428,0.2483918066020715,0.15547699627860834,0.767478503050454,0.38892868106354683,0.9186344860369969,0.23610248635178877,0.6037870071877168,0.7955047818077206,0.8001892628099886,0.6918316002894864,0.9725956776668331,0.05543571993303731,0.0047766140912108845,0.9143815915906345,0.5172781303953442,0.6854249622537971,0.9356849825948995,0.7485383123964097,0.7911163993013192,0.229848528386001,0.0418053077965147,0.11888595257344847,0.8169957995449519,0.05892293808443272,0.20724168154648548,0.9917646674547357,0.7101035678390368,0.12686617311467374,0.9347770976994706,0.16738626443487148,0.5585616292963119,0.362736781553598,0.0650479567396709,0.29429295321169435,0.1271742480020881,0.584584408213068
series3    ,0.0803164552779384,0.8673599758344807,0.422728825363633,0.6911879681192473,0.6703825583924756,0.8032535156404331,0.8539518746484112,0.6961096004571125,0.5984300345969665,0.06462750575014642,0.36711645555814365,0.6638677493500629,0.7660456788208814,0.49674233471990303,0.3287515385195159,0.17567502589280237,0.5072593426536781,0.6163006190718548,0.44190902918826147,0.4626493892421819,0.9933291336538653,0.289604018944024,0.3601368349640871,0.07069013211938824,0.20755910653928678,0.19711035734297921,0.6488933696861222,0.088504995386946,0.1641387470395882,0.7762272278459535,0.6247236918769452,0.38893303996873463,0.8824777635481484,0.2035080874196723,0.9267918386606648,0.07575282861637944,0.061986251127205017,0.30682640204030676,0.6116776319466227,0.7470547870737614,0.25108952051742095,0.16313514429404719,0.7139930981016047,0.04098126655803558,0.4053371395553079,0.11535963052904219,0.9167007107658851,0.6928966168693452,0.9663404824652567,0.5049857854331556
series4    ,0.8788718253549407,0.4310104864047839,0.4015756971514014,0.19280223321888923,0.12127093052213644,0.02064861782909988,0.7460948212155755,0.4803931024374728,0.9674390947668001,0.4582837427958193,0.7387172698768719,0.42970781062161123,0.1142364130205884,0.18621960611666233,0.8164664735663112,0.8640009552300196,0.7578350138452958,0.5635542838151055,0.2010231382162151,0.35097305377491284,0.20101031526526025,0.03891968292337444,0.22667877236190825,0.5880457078094704,0.33466237401154497,0.8808229521869464,0.589996529654191,0.24072392588975455,0.0022645606632146764,0.731799527071119,0.0849252310459856,0.526877752605084,0.7043303983074751,0.08398028673964797,0.7837845431465871,0.6566524255747391,0.9604646804193916,0.6361793879798687,0.2717783119151024,0.4316154253669727,0.5249777609262428,0.28878859243504373,0.05596923836462475,0.5937017057179995,0.0152930586885337,0.6487550489794449,0.11895528903383157,0.16850613825053984,0.2660869118904302,0.7054288601045032
series5    ,0.4628158497514949,0.029752297685062823,0.8512987750941466,0.8211231842008129,0.9032606499200196,0.3958683266105184,0.40345422264608644,0.2974393759847197,0.6176128299508861,0.6655298038933032,0.2642787651817765,0.4371984498683452,0.7162062119162343,0.1288890043554003,0.2351239552286004,0.7754449324211193,0.5008574479592484,0.2441975091428813,0.0855829235325446,0.26209387168214615,0.46119390335067323,0.1186893218221976,0.5017615174595873,0.6798298844874411,0.4377204381141899,0.46679034020452503,0.6377481013504636,0.035052620536694556,0.9704471635661581,0.9665631225375517,0.7113565867757473,0.9206538923534431,0.9626161687798952,0.21679783747419468,0.2825364760757888,0.7708563325506141,0.6408994380024274,0.7213131352774641,0.7945471475940149,0.6179958442179974,0.3178631985173439,0.8992272066400677,0.1332422526599093,0.17134821362982067,0.7022870134120006,0.14610065069421285,0.8023992554370264,0.8334561575423588,0.19481401585630764,0.7319365406813967
series6    ,0.7108915877818083,0.6513687084999059,0.8443457840486157,0.6613372608013192,0.9662929648363408,0.6804601501732481,0.06731875199703075,0.37464266684450154,0.3331225101236478,0.657276043834702,0.9375770540129863,0.821419376632545,0.42821560613033127,0.01398755906470428,0.9374863064307342,0.4073472049425496,0.3142046389614822,0.49113268084615946,0.43091929961724507,0.45355256858397563,0.5912168204693379,0.1508636919007057,0.05867842598846451,0.8270551593397455,0.1520283657574384,0.8982982827677578,0.8086351110652922,0.41668424039466767,0.8095312615114728,0.15545832821848593,0.6871621872625068,0.7649919511488386,0.08588330831513924,0.30393370487878313,0.5010487266906346,0.4826759933150373,0.9470450998075087,0.4636233618454232,0.4380600172122937,0.7101457104664712,0.8337842795437708,0.8348484020569648,0.6311694017204039,0.9182129277105445,0.06833466307981495,0.5458128935420199,0.02497584536176356,0.40548092249979273,0.8880378625153282,0.30241754644240293
series7    ,0.13561225278361233,0.142186890687228,0.9311991638427922,0.7458054671517232,0.7007192171429605,0.7103371535162902,0.04075026538534421,0.13360684829610436,0.06018570140366697,0.19596160947315977,0.9475185595841872,0.2262886526323118,0.9111541709326121,0.19710354318123213,0.989743431455044,0.6563637810872859,0.11925308146716007,0.93249958857952,0.32956473295866506,0.4119240790747586,0.9546068613854866,0.1655651735353798,0.10097147099655923,0.9700984002548119,0.07068389407198405,0.8279630603101268,0.960534968255546,0.20000841588388363,0.5914482413373964,0.6783858186716599,0.9306204286607072,0.33251002312907985,0.8814109599372729,0.7121382364483277,0.794380128811555,0.4900673876380266,0.07385667659744499,0.43553384639832904,0.2743671925108492,0.09185975135231628,0.43717889596680004,0.8393286777419208,0.9055778069094919,0.05042012431192511,0.19858715911804914,0.9093944694398959,0.6221675090675222,0.10992244094647963,0.42869096453469413,0.5529095802635212
series8    ,0.7983668451929131,0.06902919249177464,0.36215289166249365,0.12873005598318388,0.3749476397788518,0.5509661872663472,0.10507730463341414,0.3044573911949354,0.8749781615495122,0.29894964333519425,0.7119035174495808,0.2377587761979083,0.9797639160984251,0.3342842944614026,0.5388075597409753,0.15162266991345075,0.6569081778471318,0.23308993176158244,0.9922637921811942,0.07291468018995473,0.8033612021695025,0.7499791675987215,0.7566640862037092,0.21270695544927776,0.41748748127234236,0.12749732420199955,0.13944879581790426,0.47071512981917096,0.17241724499927924,0.22804660830113244,0.22381995747207173,0.5517145511211191,0.44440423346583935,0.5058297308828266,0.12527413947700483,0.603616422539857,0.7440091650674568,0.953371808715365,0.4421780852323809,0.9935738483212695,0.8965078595311413,0.358259729360497,0.8623124372331298,0.6152806653292715,0.3548374809638556,0.28783420476492994,0.6737128692771975,0.22140344999189743,0.8125840173304452,0.7739293810166031
series9    ,0.7028372721334356,0.14107045840178423,0.6289299967741623,0.385359008536281,0.6861289989652627,0.42542142093320545,0.7681701869797557,0.9358621969114108,0.479781135728342,0.19763517149415555,0.7952099275111445,0.576414694107848,0.3960726764170751,0.2191260081931199,0.3558735116270372,0.7795016484886936,0.5668992421289157,0.5139582522148599,0.17209848661650395,0.13656972865143369,0.9765899328446114,0.5994113686410474,0.6105675337716109,0.4820579068356682,0.1734349100921999,0.8197241028721217,0.1616177042582343,0.10258616645882113,0.7651780795606373,0.9867650425426656,0.5205662963059006,0.8729290367681221,0.7982754103004652,0.6029257418076779,0.43008659552590234,0.04198717833253185,0.5872547901219694,0.7805954115422143,0.9509350093524697,0.3102796620431162,0.021067250383827507,0.3856753788151628,0.5872900127768942,0.87669461373354,0.02510865738773238,0.2981309868332944,0.45377530525245136,0.13870917341295053,0.4802988711505223,0.5493311745513848
series10   ,0.5795896878589372,0.7320383430371599,0.14706890358798286,0.9298726709515052,0.6396830000974968,0.5003415728320615,0.1380237840257419,0.14414578117889254,0.1460764245575853,0.4738502512428163,0.5017793249871546,0.20927723132541265,0.08286050210590112,0.5135170719173155,0.054366209395925624,0.6081273837192388,0.03114562749655192,0.6654799743742277,0.2004666053734847,0.6950394866262333,0.8506797190815352,0.004655906865563275,0.9859093537761351,0.4475227722133007,0.6957231053998636,0.8746990190962974,0.34942053806999007,0.6601507131677609,0.36658371826517644,0.7671561075483143,0.8713711428928781,0.7572690967736867,0.7712437228916216,0.05225697467643042,0.27036561980386764,0.14083315074878477,0.6440835933559742,0.35980802615263763,0.33025686606260407,0.6942153322881268,0.9510614182695931,0.3697651242953255,0.17485219451410117,0.8232401527801805,0.7384054076081991,0.6594290195836761,0.6556668616115406,0.22682199452348528,0.3689215251836836,0.226609399190832
series11   ,0.02267026961750318,0.7184886739416686,0.0724643350563493,0.29406772347511356,0.6875203094571587,0.40944457415631286,0.31708196118264786,0.5510509837716807,0.19792567046245668,0.14750093752237292,0.23169885291542713,0.022367347941764093,0.5851664822566038,0.13190703779845203,0.8874651528062613,0.35286778027940435,0.4497220678861572,0.9014454879206667,0.24159688054185913,0.9824503350906764,0.9748028057103753,0.11873775040188184,0.5419009198368077,0.09425740193022214,0.5928164837587967,0.3100552600117785,0.5835260319878084,0.565007987014749,0.6542697877535784,0.4716783227037299,0.791808041316926,0.23559205222363744,0.40335177342609363,0.9996323722504149,0.46193090448616014,0.014367922756177043,0.28868045196038916,0.957740356501644,0.04671896712380752,0.4510165206990062,0.6975221970541396,0.09958102813972358,0.020138398660136225,0.2398673856543102,0.9591459743765942,0.26882978324651496,0.020776737535576628,0.16813248747774034,0.5780128143327952,0.5104843065871111
series12   ,0.6785682017689856,0.14269690081521214,0.8327028431732069,0.37406391050231524,0.5922151606742191,0.666858951953254,0.09122002222953352,0.5519694471651595,0.7190849728162019,0.3204508630649229,0.05433497876434101,0.7891092748182513,0.6839575079745617,0.49075621557713023,0.8985788237357932,0.6665050917627027,0.12410144625401387,0.7048240271597975,0.9922572776295671,0.023030146979388877,0.28362486583749624,0.7027064931026007,0.1026895767617827,0.856620906610332,0.6617612906872319,0.30274153917531843,0.20666995440740799,0.025981784934032026,0.7459549250128731,0.4002854405929348,0.0482387460231406,0.3298854042778384,0.767222046850872,0.7502109591223062,0.749599870490408,0.5776319134974237,0.082169133037726,0.46566759925888623,0.7130182077052963,0.3418030574304529,0.22828270377924564,0.5690045931384937,0.4858235700330047,0.3937973840961899,0.7757051489770936,0.8990790787747419,0.583733714810052,0.6940752252294872,0.3044891058140524,0.9827421877393614
series13   ,0.7305502765165505,0.4837876896116913,0.8546096419656442,0.6796647078729642,0.469702667977675,0.16601415955578402,0.634029418397265,0.7622688660540756,0.4454351557764821,0.27135572520008766,0.5586634863758576,0.5929063948308332,0.5580483623403194,0.9614015457984965,0.8870195695248797,0.390515315750517,0.6772069824491493,0.10371965583861753,0.20811206135223148,0.8892848751743384,0.09729683607393047,0.8319930668687312,0.8049299654383141,0.6125088431553162,0.8705961989062803,0.7822126998964565,0.09738514930736275,0.1921789784097626,0.1406748976797465,0.6230936390418664,0.8085014313856581,0.6006572690492061,0.4376221161567151,0.9447342735046247,0.993784618775038,0.18182214079226822,0.9383605702808667,0.16311218444529696,0.3183618827906919,0.9426587025527481,0.47982328017112574,0.6295663668916288,0.8491280296263117,0.28308344606771696,0.26426377229352527,0.9777732754402796,0.7995270064728663,0.8194736613608729,0.1823057381548312,0.1963766053115069
series14   ,0.9321540006115088,0.4174495072644593,0.8884898578210656,0.34711730702573873,0.7455091415774644,0.8593133452293554,0.4356982131736644,0.49938427548431374,0.3069586746085633,0.9352516331448146,0.9106184860796529,0.7445944082036958,0.059692618063909464,0.2845320929336278,0.9910900834744697,0.5284569739573419,0.500488974706643,0.8078287627059358,0.31222257748502913,0.9029189881498882,0.9065050258159907,0.645125140042721,0.21611128840075788,0.88838644909025,0.972357086880949,0.3087947465201796,0.23017365258713451,0.44442145149683354,0.6956736985711319,0.5860270896880246,0.6177606655223279,0.11424963323502735,0.47884623334023235,0.581765379621487,0.8966506160692151,0.9373103027582743,0.3133847228728581,0.6486586550322837,0.5722671936874175,0.9642435839289741,0.5623573823796014,0.47898580820553605,0.06854052681555922,0.9923848774809751,0.008423065239824168,0.6928315993293515,0.9563474453850873,0.4965071554797782,0.5936933602048494,0.6318066956857605
series15   ,0.40204494752462816,0.009201227698302117,0.6945229107800692,0.23314719767694725,0.10063965485088178,0.6683445200376581,0.8472789311369008,0.756962690654291,0.013063089448830278,0.8168808425442586,0.32498276481139454,0.554152924262958,0.05240240909729377,0.4686974073017227,0.5647515145042906,0.3801285961286791,0.8970052669260962,0.674917759178904,0.5867130804601679,0.8200878169523249,0.8425927830530121,0.9025533530793289,0.12758128734468233,0.3978739612462595,0.5744320102880779,0.3142858865018098,0.497408590922652,0.03012725229301172,0.8656431879427949,0.6417553649934999,0.8505538311339922,0.9029152337336455,0.7697138672744677,0.1740840155492026,0.45750563313831905,0.8608179724115717,0.2394662403436193,0.8490779428625451,0.7366587504482919,0.8480453532219187,0.4498375978297956,0.26967887498991516,0.9699394693695951,0.38708956795941496,0.9630343381231269,0.9006051381103088,0.15065064027946418,0.21356140469014717,0.43306342444404156,0.2989062008982398
series16   ,0.4995921338756679,0.944186682709696,0.6349872589493809,0.13738548740058398,0.6857576736113093,0.759368002975372,0.9224285579523361,0.755228822377499,0.9407240790324152,0.6853744320678644,0.6794233534179116,0.622528619488814,0.1458806158697804,0.9765745281844259,0.5174965801857692,0.6399181922692369,0.9958438696886903,0.8617983592229744,0.44093692359764536,0.7073076469400422,0.33856240987147723,0.9287200390754982,0.8953101579305427,0.09098404483383038,0.7007669101834291,0.22925160544325696,0.07354671066250384,0.5655555967613209,0.5108982114900212,0.10457080567717336,0.7663085066759142,0.5792651171241676,0.5292640031835005,0.5825911878378549,0.1131346607139263,0.16842253648512573,0.21882341651427295,0.07060650697109205,0.9996122332325361,0.1713317405401481,0.5503197718667754,0.14842958302452924,0.9195605840257816,0.3754883768778928,0.23142654430823728,0.5157614327251488,0.08022759434539661,0.9154969849529749,0.2641460848480144,0.21655697419071096
series17   ,0.8970611033435439,0.5430256863037938,0.5488021552237398,0.9439166650932811,0.7464998092597882,0.08090105854682761,0.984940148736929,0.027982065065033424,0.7454364359445624,0.7664435186227967,0.3536619053572464,0.9708839907905207,0.9350072685024875,0.10286211611384677,0.45891781043363356,0.010782913469476796,0.633940424342299,0.22265616427404544,0.16703077900175334,0.7909008641347869,0.0018422655157149803,0.6167797342721962,0.22623499167238892,0.1913637704146781,0.23727323171347736,0.7585258475963287,0.06446084204770441,0.5869256544556394,0.4279734679281172,0.8291707874175871,0.9453914520509231,0.1576618049028965,0.7931905117627625,0.40258206488636983,0.06766002533277582,0.15882285239146887,0.08407052585648178,0.3878664691681831,0.3123277324303222,0.921155178605773,0.8804245572425785,0.20591592663311054,0.009046595862820639,0.7751480246813386,0.46176962084657747,0.5561359948694632,0.38468979095247113,0.25260542050881063,0.4382307398175531,0.8543458141354576
series18   ,0.44169315097250694,0.08532842056592782,0.534205792063099,0.14753288226666095,0.3394102370270733,0.46926924036855955,0.007533964792711734,0.26027480859596797,0.9665539562413343,0.6051915818630026,0.8689040448168486,0.2615318708544263,0.2452748994422247,0.07274808250057885,0.18543277786472945,0.40782376408740095,0.5604249597596359,0.059306770514848894,0.6216157733313853,0.04110854384282092,0.019075426025137343,0.38895570578845073,0.8926125053029588,0.34560125132075803,0.48109759486670256,0.12367652430793619,0.04362819692374231,0.9527744183964639,0.651824187073735,0.49470234242000033,0.8423417783803399,0.2214683039240316,0.639429284165356,0.018660682708247944,0.8775579371175302,0.0076168279049748655,0.7504045049226,0.8318374194570911,0.7762458249553433,0.17358281358213212,0.8201836483002652,0.10500010010121419,0.9917863925524952,0.7189978001428746,0.3750219195202328,0.21461447925577892,0.57422729750398,0.034841293998150724,0.7591379617284288,0.6694389471145483
series19   ,0.03130724780331351,0.6120060826296917,0.49555186238803073,0.5050731933370154,0.8273830318586638,0.0439765485745468,0.5934472519065999,0.8353983698347753,0.5266257395487731,0.05873611557166536,0.5387591488507889,0.0621433378720494,0.9525772197362588,0.362489386606493,0.9025769967183678,0.1503547153839696,0.2934232472703361,0.8059535632144511,0.8345945667916489,0.367987956245594,0.4691883039207807,0.548842606789063,0.37970883626750385,0.38443462814468476,0.4431509640187361,0.35585250061302987,0.01855835724609689,0.8276192475303566,0.5758104608517749,0.4000554883115883,0.1914759937584224,0.13953956086884023,0.5032442367395392,0.9487479833565599,0.04561074025743583,0.18356808785443435,0.16208518082292456,0.9076358982539035,0.9539438400607665,0.7093515698883335,0.5335957517455915,0.05096757862967516,0.06364379319370184,0.2655952689372113,0.1673902117120707,0.4347935426753531,0.8738294593286348,0.4306962787126952,0.43638032777976343,0.4250194561847438
series20   ,0.5718821070623953,0.7909044987456277,0.37704419941663847,0.7767960295632599,0.3808353266946233,0.8173722707014547,0.1345804021328625,0.5946272445524303,0.7187870601414262,0.7505300162770915,0.5553391165594473,0.07209259209489871,0.6096766546248323,0.897036238102254,0.4696394272575032,0.1769782207878442,0.014716736181994872,0.6221445176192114,0.6744738845715261,0.09922031512100604,0.8246583253635908,0.3235689982794301,0.04296376432853943,0.7123163505464862,0.5623126086675847,0.45952097821430193,0.3854227890221186,0.3996717290019771,0.4166950935605278,0.09712456087251553,0.6442739096972913,0.5484946741841331,0.17461259367716397,0.7907798882883281,0.8165932600899919,0.7439218220172777,0.808098470501418,0.38221483268875955,0.8759748893238198,0.3326933906145494,0.47146613869436527,0.6924756871890927,0.2578045644047483,0.09018667146350967,0.23112142542169878,0.5405103280592293,0.32080095283070476,0.9831028875724108,0.49700308012704286,0.6645338376220745
series21   ,0.8642729308968161,0.33788499255243964,0.621636855325469,0.03856630919020121,0.6476563973108345,0.6272580668947891,0.7369592932660778,0.20399647866975923,0.6881960067664448,0.7546203741853148,0.5319250044242315,0.39917377522014674,0.7232426650332582,0.9430666662482172,0.09922306042020801,0.4165121462218757,0.12450295107837384,0.32156887092749387,0.1176921352048439,0.3766467297221062,0.42546777460061724,0.028339303640790736,0.7022354561269124,0.14546382932796464,0.4477408050706846,0.7730684109377502,0.783940341202036,0.8604590568520071,0.09179775008206215,0.5298383875741838,0.06016972338335669,0.007728745434160356,0.13038225655601088,0.9500494172583341,0.05167628960536541,0.5508643976681691,0.2632900075212712,0.3793017007457501,0.5144442679426309,0.023175709402402545,0.9020000449742726,0.686842257580311,0.6464513300146191,0.8813379319058526,0.794416253399988,0.4795993005154394,0.34361818612450923,0.1250294540318968,0.9490326726621277,0.8660661582314263
series22   ,0.9613610989605154,0.3056579680285023,0.561661909342378,0.7851338556771688,0.2803980250020466,0.349847386924273,0.25653718093115707,0.3051923791713438,0.598100352275354,0.7262731981624739,0.5545609735700596,0.665799110798723,0.6164473640291444,0.4994089317976178,0.8934892208219737,0.3661358319203035,0.2814784464976062,0.45901530278017333,0.37226715832339285,0.6271308823741106,0.9374933130363009,0.21147020635096492,0.3681485015228423,0.8438699940780007,0.6808429334709394,0.4407296771305872,0.3295678828930346,0.8146246585816442,0.6020620419944722,0.8965456272600021,0.72240667964195,0.9987482941566028,0.5589098301679224,0.7439687921178478,0.4736485266568732,0.6594175077947755,0.49967364779296797,0.5108224155217157,0.26166597561076743,0.45796283210091326,0.14614809666537165,0.7829331055570438,0.6325054120135607,0.4405614920581824,0.6531188717075201,0.4128492538925457,0.6402489198223704,0.7280348620513065,0.3289042514634011,0.31750946600110985
series23   ,0.03370645406306361,0.10011529719658263,0.9408023449526591,0.2472137699751461,0.798639187993523,0.6218172780987284,0.6537646258442904,0.11859877368035532,0.18616672685176983,0.18537110039779925,0.17707807761692906,0.7148444297330911,0.15650922193282346,0.26319169815354004,0.06630785445925624,0.17039445898395877,0.4340875291244257,0.8784573731158255,0.4944586069857321,0.5462351100588378,0.6429019961665744,0.9349435459408054,0.366590949418535,0.3093884068330335,0.297248148588371,0.10112746929990735,0.4796484714828325,0.08747181820241523,0.27642849391376767,0.6010172396915319,0.08552167539031941,0.2541831489792795,0.06197657112171051,0.46373264859365504,0.3565710459721252,0.41951542609479464,0.11420324947721516,0.7216749848443104,0.847700525112162,0.038991199532089404,0.01091935752692863,0.17300406405543,0.5054654070088648,0.7466257470098573,0.7292869332953821,0.7279048796680923,0.4349440880776322,0.44882257432238315,0.6104508641404411,0.047030408121743306
series24   ,0.8640504622794641,0.3394753185789704,0.08630484614633405,0.4390458048925465,0.8460414045233379,0.09426321474179133,0.46664741541483223,0.44238049689509273,0.0926694842725061,0.8778252691741099,0.46774363906852323,0.958296194462481,0.47567255422594656,0.3663575846195055,0.97943610111363,0.6893277307682121,0.35347443537295076,0.05535361135004635,0.6132903216078884,0.8661224874360626,0.24786685668191655,0.9329997014130765,0.5307433985055847,0.20292729054317393,0.6432806160273951,0.48129395483876014,0.49434097128498977,0.005072746902304526,0.17792668089509356,0.32328297740452827,0.8688839226389569,0.6034996178431531,0.2656134706453882,0.14154049962440718,0.18054583653983358,0.3160736187301607,0.18272112112090366,0.8760780204571276,0.850918753516573,0.17658967592108754,0.49043715530181897,0.22374561090322764,0.7204073852010057,0.4319890173760328,0.7546301866723536,0.08388310409542432,0.8652697729788005,0.330298629586252,0.7538842738763741,0.30919145874004583
series25   ,0.916580102903805,0.3740942814442306,0.20494794463422927,0.09938168859906493,0.7453356607113711,0.9352761451539086,0.05463039328538777,0.03863901019600835,0.1253619820914127,0.3223898324274046,0.00774191330356766,0.5823869626333601,0.14465368490631736,0.586230279041197,0.00925979644946151,0.5975815893508122,0.4475497011096117,0.12484661095537519,0.41124246711187695,0.10467984968485267,0.7224834841739888,0.11249361422863635,0.49132883207772104,0.09312071974074754,0.33308984511000184,0.9768842991222392,0.7399306673974317,0.7057261790741974,0.8824978757598532,0.33212721970923487,0.3940532433844651,0.5473939477995918,0.5155461402115251,0.9147170820185515,0.20048459313471134,0.4291106926457796,0.5711144098629906,0.973481048054774,0.8814214894284929,0.5574721184778167,0.6092341083038307,0.17458848975360297,0.5645697643512555,0.3528584382621036,0.9693444782279529,0.1532233076695172,0.35381211880248076,0.4738486572456212,0.4014156247962408,0.2952246031249688
series26   ,0.35542922348540573,0.9978917522733721,0.23580409890473852,0.026058465588162494,0.1070190752827388,0.5248250357336102,0.591781378201484,0.8523910809062579,0.2760950129609556,0.8599222843270331,0.9315575330769212,0.2830456141239902,0.09091367660017058,0.531886566764114,0.8704996889292066,0.48851641115616906,0.1364025468124802,0.1481047508329093,0.6241820022514081,0.42729273055018613,0.13131144587753119,0.5396880781086228,0.04519556105964806,0.9769304888806563,0.3168302683168668,0.1998807495702536,0.5224682756336811,0.3374948626674016,0.15161055386531785,0.4904833226654579,0.22188186876301008,0.8040270315437934,0.16681502155639094,0.574120322032851,0.6697661084931212,0.5330592480509553,0.4200316557554644,0.33003286406993415,0.6333410037012733,0.007084530346537998,0.7273104759537625,0.3581454611954056,0.6413850435068915,0.5385156267190471,0.7541632870966919,0.7201881709698089,0.8032414429431753,0.2532644585510113,0.14852405866490592,0.6035947590165006
series27   ,0.14071676221301443,0.8979883230883239,0.0771272096561918,0.48108204290529843,0.96347663159843,0.5309002740533731,0.9281535043221938,0.768105928632565,0.9866305059825584,0.40537467142179373,0.6827344257730448,0.484109697435648,0.0398142020240958,0.1440275976152805,0.28276963945968003,0.04992649937671012,0.3374624579521538,0.33212923826204266,0.11864763267254208,0.5449682546836693,0.4506518849690553,0.1395374428817895,0.48543891634808645,0.28832546395127223,0.43126720215824155,0.4453596708545188,0.3935498933875058,0.19818185362622198,0.34086390648711007,0.510557908729366,0.5047113045302795,0.9557496799769798,0.5916089364591693,0.6390959401743489,0.837125885448544,0.5295703679288679,0.49083052462730403,0.05596335691444787,0.6104447001187553,0.5053334355679222,0.7050158104206199,0.8746735143911929,0.10735157942397255,0.5169277690487569,0.1134883747314327,0.05713817716959346,0.05192475734963231,0.022414944374639534,0.9409708204485827,0.37827139853744296
series28   ,0.4211550925398725,0.4828197764684945,0.660642450811421,0.359127077196957,0.5842349263330721,0.9305017070644945,0.04592303200038472,0.17687593960885883,0.41269474355881275,0.609114719784588,0.9408243627976361,0.18062600368085657,0.2934742411514397,0.6657401630912074,0.5231447925087053,0.599873598696518,0.2084559184903877,0.02483432464464952,0.9377293167906341,0.6404188851012942,0.7027455836248331,0.060591299869530935,0.9353848753341535,0.02040339921729195,0.37682807808631524,0.4730078128569353,0.5068836375245501,0.49078657524279745,0.9736113245658263,0.5541675003154891,0.18065496525616398,0.3337899840570714,0.774542143268078,0.6058448644809755,0.8304044016560144,0.039019248573069376,0.00547993553279158,0.8822720013267322,0.024431307970274818,0.20619601183407588,0.047045315123431575,0.3579169490392389,0.016661088409752223,0.18629201031391807,0.48316619614194256,0.31034673569882554,0.4567323484106752,0.5632873190972822,0.640508011608308,0.7044777862049221
series29   ,0.4543584237737195,0.9499442694547079,0.503503822258282,0.6264113834929977,0.0559159354790274,0.23448110632134433,0.303058848056981,0.3777931430088741,0.8919151868912333,0.7544206768599858,0.5982407519054576,0.14192882036800014,0.5596018403292701,0.3412053671096371,0.07300740229669889,0.3284016012671823,0.07413841783172193,0.3984862290805856,0.8151957603027095,0.06201680614342131,0.14526405749611504,0.08745375032100522,0.9964817881593092,0.9468218160973788,0.7730560204490239,0.2645107429174215,0.44397160134129954,0.14958021912173114,0.35219635429053076,0.00982218170397764,0.6257033095267133,0.8671678297613388,0.9728047212174807,0.0536682981466694,0.03652255063993626,0.45868749048884727,0.6862953337446561,0.5123182639131627,0.6253573490209446,0.715145538038907,0.7501648610806267,0.40157268285731007,0.26927563481425487,0.5352256824636071,0.6358729533089947,0.37663672056056785,0.11222095660575193,0.8683984558071787,0.07304886336958782,0.673045146721682
series30   ,0.9092870278403089,0.43666850913531474,0.05356648810991649,0.12152680300776453,0.7675708908612784,0.15398779460177947,0.7339115117206342,0.7401203402820239,0.7880497900308666,0.9884060509386776,0.5555490144514572,0.542071065042413,0.35555752430265897,0.38202336087705246,0.855655545831327,0.49293204461872486,0.06313047237508762,0.8807051219779639,0.561008638428586,0.3221479837817218,0.8021119989961377,0.6635287391862716,0.5617271119038181,0.6069792041397912,0.7763223391139984,0.682120731859454,0.6835953296529108,0.41041663771527626,0.9389430752572325,0.6335323945076333,0.866633381811761,0.21051025990731043,0.902809432033562,0.3982447045401343,0.8795693309635565,0.5682918489985217,0.7029325182292907,0.47818043499936946,0.3116908098563709,0.556487163954873,0.8886506403733446,0.9774710214239746,0.0857869535507112,0.9887460424148522,0.5658447143279535,0.7077406680393861,0.3473210929727346,0.9665355663768341,0.4719052917483417,0.9892467607019553
series31   ,0.9132958604750252,0.2299674563287183,0.05872446227849537,0.4196805469623156,0.949518696700595,0.7092542614605277,0.6304741898050187,0.9561965548061728,0.34454812150660585,0.9255789920627439,0.6759240666211621,0.7992304556024452,0.03965814715942395,0.45586796834883525,0.28679768108873094,0.7842384059463968,0.5251155356816779,0.24414639650119074,0.682417341005445,0.21472243747699415,0.6712255428776305,0.3969425943747268,0.7079129515854973,0.48019395668096054,0.34391710624101657,0.29851727621483015,0.45146950775019823,0.388238897327141,0.09604086342104234,0.4946481457419958,0.530052123135555,0.11115949571041883,0.2220262485248684,0.9984420281924559,0.05461268928953167,0.8115515520912105,0.055960538221644485,0.5225823337063376,0.19835191776140249,0.2880775470190614,0.249025291225331,0.6541678263072706,0.9191636191562984,0.09863834137531569,0.9558102668208719,0.25037950206665804,0.2716823448999337,0.3340406220802732,0.3686934390379841,0.44917884008277176
series32   ,0.5346783466478763,0.30924328611262175,0.07902171308572747,0.2210888260168401,0.4828397227085165,0.6732907864130746,0.21312749966145939,0.07944066852840503,0.8007828097768063,0.6604989053603935,0.7546308642409358,0.16471371445551752,0.7715483639452221,0.5711022990169089,0.345463248767503,0.47384670151240205,0.531373647705486,0.07983042903928006,0.0786212726190092,0.25505656699286405,0.5454098595998411,0.5895388878122965,0.16154584157258434,0.8788561755927847,0.8869657998022326,0.08425462478311863,0.9831476288331847,0.5456424540726998,0.8598580208504182,0.9132340854460982,0.6405778200022393,0.5097983635332161,0.043279500544742944,0.8759348130461824,0.4098057892875139,0.37409055582305917,0.33406126076394016,0.28168342306185556,0.25047490856607535,0.7364700186005763,0.2659104373448824,0.04450511504934451,0.8070778018216908,0.2853227280148969,0.8400987563945556,0.5432532592899947,0.2003561536398728,0.13297085645123685,0.3548111945467113,0.10849555074308392
series33   ,0.42278672291152464,0.6644327161048276,0.09937443290677439,0.9686837989828948,0.6463480387233531,0.39091023310477024,0.006922142565878198,0.6328521443667352,0.30152892179520696,0.6880378876647286,0.6307618458303286,0.5098725257116464,0.8529709859253323,0.6536027138036841,0.3979514614829507,0.880058291262167,0.7541192181766765,0.37571792478273447,0.027821495399402707,0.17167897874774674,0.21328702065961258,0.058717760801183294,0.9746805243396185,0.785963173895583,0.48161792417018556,0.7045095388640902,0.39001100207098616,0.9328730697885534,0.13996515298324996,0.8919703549166105,0.4100270209591831,0.01001261379361551,0.5907397124184499,0.40102132693361536,0.45677666947878637,0.8297364824553662,0.4190589862065416,0.8339673929617791,0.07423027621451839,0.6342445460079769,0.01740089189767413,0.29846263420263286,0.8390108088501531,0.08762218451465886,0.25361207028619603,0.02150695293135596,0.810309882445916,0.85038585466376,0.8597658274995813,0.8956221186634875
series34   ,0.9653421523036004,0.7692029744934638,0.7267347178424949,0.014184126905490646,0.7565609151052334,0.7430309293574778,0.9196673639943623,0.39704255791035226,0.9866545481315937,0.15991155862920148,0.5789852630365727,0.29142654916922395,0.7961505845934052,0.07849111171015388,0.5735380822728403,0.38252171177940175,0.6824278116318604,0.05941502302059054,0.22532497002041396,0.1324840167198429,0.0781980725920498,0.013645809380770313,0.5468345255900933,0.8642807706405409,0.630167817723368,0.5043891371860013,0.31868200995851126,0.3598661968338498,0.9499521498075435,0.9162998280837461,0.6697885813221836,0.8241653856372453,0.5406309518152919,0.836790093935846,0.688745864191927,0.9315628362835738,0.9721600791292658,0.11582106939413128,0.34779047953123177,0.8182573667295083,0.08147548780422675,0.8584832079402315,0.83863091301039,0.8968329442101987,0.17074167296285792,0.24492008288595146,0.3914640659658287,0.9366354977396071,0.07417850775951984,0.2979172742733913
series35   ,0.9845571978622871,0.20939726566613914,0.692668144824123,0.5166731401607195,0.8210575981124758,0.18427020535984884,0.4792250012745628,0.925516781103547,0.6713877623622903,0.6437485690918152,0.41571905621461125,0.6470269269271358,0.4400236553150847,0.8005728123093918,0.6488679043525204,0.8020311448033167,0.0800235481619539,0.24364858289645774,0.013670917950401429,0.9674465248018584,0.53821424667177,0.060120881422448647,0.37524071526043024,0.8746193264683989,0.2799257651726139,0.2337125623373627,0.41414843658856104,0.45440368460088065,0.9275147309925559,0.9182846119624517,0.4536954857242037,0.44454897913568736,0.24844167079504564,0.9352985516274923,0.18314347687402865,0.21071923870955112,0.18289175955011916,0.2828684665025957,0.980052568580288,0.0351412271651268,0.06367742780822594,0.004927162407578289,0.7193723746082337,0.16810381418944453,0.5413950305131564,0.35690161107383467,0.3945021293371668,0.708141273203183,0.33396148926444835,0.7690708416000229
series36   ,0.2747122810318259,0.5203643715071959,0.33104935962587223,0.0543693419315574,0.21842260219904808,0.9502559494367829,0.4968645547468631,0.8952744756268122,0.7891669210173897,0.8931098959493371,0.5302674995260361,0.13684461126124559,0.18330726199331648,0.04585002149934303,0.17147788976856904,0.12501350204341244,0.7438880392877484,0.38004575408244234,0.06607083448766737,0.9431041556888495,0.5226019990085773,0.12254964297850424,0.6350811997660905,0.3049770268380839,0.9749859349678907,0.8067416716301239,0.7783408566128364,0.9718425684105223,0.21888588289253375,0.8694838671874103,0.09434813433334477,0.031996599685068516,0.11635540629151964,0.767496419956241,0.22116912556733226,0.1910228124095218,0.3597587828058395,0.19512333486148647,0.3602572077626357,0.09762306628414019,0.15919536630054543,0.021528861979752234,0.21424878048627571,0.30072782154586775,0.5612333053507843,0.41826595692287283,0.8367365388029883,0.24224512177101842,0.31075164604227845,0.560668315066035
series37   ,0.23262512702986693,0.15386450361347082,0.6428784447671975,0.679235096496645,0.20940726518646446,0.05449436850632461,0.2726047391500148,0.9290236387790496,0.1461684596326217,0.16270674001826357,0.999392358258264,0.5329412547291607,0.13588746031490628,0.2945151356015968,0.8072489212308284,0.5516137694669836,0.7173562475371172,0.9457643818334555,0.9751704989338644,0.018284771225875462,0.2998109571070333,0.9892932831846681,0.9044036755630883,0.993164458669014,0.1596229391529458,0.45972426874558414,0.46282205550743327,0.08737195690918209,0.5253272157820517,0.9468649457378383,0.63474489494427,0.938114162886789,0.32894375845641666,0.3984634070199017,0.42919401003658864,0.7915774163589115,0.5659386787898835,0.4166758567724569,0.1875256337916562,0.7985140374953001,0.24284147327247996,0.4587741930121576,0.5390489628605937,0.545033574313016,0.32685859929632943,0.6553932400507588,0.7637273199049573,0.753392031923989,0.5905045080017757,0.009937484812819752
series38   ,0.4637039944102249,0.4350398473968139,0.32847264518894626,0.4754890587400008,0.27755607756452694,0.42300728624989337,0.10983986783806687,0.5953755382492278,0.51876177566898,0.8299116879011983,0.883296580099314,0.6236514001691468,0.4020262803451914,0.05476427781679516,0.3558331274783656,0.01819480133736917,0.015133726724026353,0.8229368392560554,0.34619032283445894,0.9935987909095804,0.8132638200796188,0.6715242483949155,0.6939848671851273,0.7598410156155503,0.8203049528067651,0.3595060728034254,0.8336222123273502,0.22925866887032775,0.3126752843634696,0.48832071510259667,0.9596594450018305,0.14798093041115912,0.16792818895605788,0.41837724564223167,0.27462752909678656,0.4138225881692401,0.720342808235341,0.7892141590365778,0.17043684237086576,0.23113156485595554,0.7431419258623246,0.5425145754987316,0.9873446736233777,0.24665545395353983,0.6194777419227891,0.031331101371260495,0.048888712181210714,0.5466692244052896,0.7927813902605673,0.4523765132087104
series39   ,0.36184884248385685,0.9611789903920956,0.06039967496073739,0.40240834703285866,0.4810079082055586,0.7696463508941471,0.8975531420724612,0.12129351923346887,0.9186726796646827,0.9395846154225167,0.7910794523013011,0.3026104603988039,0.6368933596787257,0.9412452045896575,0.41507646709980284,0.3454727181749976,0.4996407747112497,0.03763015510202161,0.9522037329135861,0.31206058221423627,0.09028038652515369,0.20946274374122809,0.11271088288069753,0.01715311785723006,0.795873671891588,0.6050460631037479,0.0666291887948075,0.19247901188856853,0.6366378543624286,0.19198393430372296,0.18206772166805596,0.31854268530739105,0.40333861398256343,0.7169910747992831,0.2724718656332241,0.3372214680544955,0.28375230535252305,0.08348018211177566,0.9740129216413977,0.4251522592647594,0.9406259972354529,0.833256757963759,0.571368649048639,0.9788386741797689,0.9836089364712605,0.9645609662837475,0.62561688044864,0.36509208809065274,0.70512715304979,0.8400959244093781
series40   ,0.31759970942018134,0.3984769065677869,0.5442102821057447,0.20995071210533534,0.12852173070105177,0.7219944520819872,0.4991490051080203,0.1543401867485371,0.9542680759379021,0.23695404544845466,0.0018830937368869982,0.4699576073649907,0.6872162518538942,0.10841884863573037,0.17098970196842422,0.9665905074379463,0.7506021837702594,0.5162185534509575,0.3873303948872505,0.7717895143235505,0.027303845804077298,0.6119847174967546,0.9327103850793873,0.6208542860810197,0.4529648039244838,0.7750825457224352,0.8559109077409439,0.6010922225247319,0.2720901107545348,0.5057431534006837,0.5507530188252884,0.7934899934515032,0.24546680189637116,0.5688439151149065,0.2948905802029548,0.48995910358271644,0.6628295462944118,0.05873497858831234,0.9973462278637802,0.8696064933988693,0.14214292798384365,0.25839889536697136,0.8497104535651733,0.24198958188268993,0.6854614957678011,0.6331931232629755,0.7647949584527113,0.9865433503744229,0.7192775814965828,0.3943492374868799
series41   ,0.5701273458862145,0.6463900779878519,0.43462778017559434,0.7394230111179679,0.12460859636018273,0.5818192885558618,0.38627871660062896,0.19269137121440683,0.7082340292407178,0.9360785282308761,0.5448321213562196,0.8480017029213318,0.23047656107546555,0.5197577310649315,0.223161098627208,0.8505636153879672,0.8639037794114477,0.37700095692720403,0.5408383354917583,0.9629014097792294,0.5694565912685623,0.3728181930231872,0.9338216533974385,0.7072018788083169,0.6252366146410954,0.3447433646020768,0.2220472415877699,0.8506182076426928,0.9132788398616708,0.035816741559192566,0.04865993623828402,0.23328802312795838,0.7483452873616324,0.2773470310298408,0.10558498971797292,0.24738327915602387,0.9308779476868391,0.8474122017878555,0.5986678477799946,0.2430262692253078,0.6785910163561623,0.9127913563617954,0.5211080539439976,0.0872205725069024,0.9026765678505632,0.5127260329528829,0.6562505241915977,0.3595125825393958,0.6235413566813283,0.23254824427363285
series42   ,0.4217110033165645,0.6349764993165193,0.20795061879509968,0.3470507024264785,0.9027294557542119,0.5205914941186353,0.49456121262407815,0.5480629144862058,0.4438001498842754,0.0020932571258585053,0.6853767252186259,0.9287116573592464,0.26144453767312126,0.17563359804107292,0.17022847265324703,0.24113072162312732,0.16315401528434215,0.5832301274292053,0.3830435969420001,0.34003240561141923,0.40970854734936657,0.7332607511211139,0.6498287901959504,0.9657811612658114,0.410977224117697,0.18098597891958157,0.5654893518884595,0.8579843624698044,0.28116187155747985,0.5260057614469368,0.9535435794324069,0.8145698250197201,0.7284068035774596,0.6116333366287575,0.12682203961999394,0.22942858054795734,0.30945842460325357,0.8682323039409408,0.0005698520781662886,0.8945623996210166,0.7178783396642043,0.9038327436704331,0.5341613173784873,0.5431812769880197,0.8187519182793737,0.3355481933160349,0.7638213460344775,0.9224525229165141,0.6117561288462123,0.19433002664738397
series43   ,0.9137143468856262,0.10251397010848651,0.6022975024024271,0.3203702989533641,0.2310094835308638,0.31224181333850387,0.2729954456454309,0.39193782512037656,0.05750186220282805,0.1489035053279214,0.8073181027532544,0.5176842832895324,0.5118312084558035,0.06554344268787349,0.5680978843204255,0.6217887548221676,0.9551409451180082,0.6610230751814088,0.28608063244852466,0.12580461345983862,0.7555560887219944,0.4026000038606863,0.466057138832904,0.48608492655622815,0.20928881763643004,0.8243874495445564,0.7292145655861174,0.3547519255182461,0.585795593781301,0.7252121608574297,0.5518809994680342,0.5648341077401638,0.42211533378425403,0.37422154687230635,0.45106251430382216,0.45643420509682875,0.9341539504110921,0.7019657422452374,0.526514660205916,0.2903287635853845,0.7656619134079856,0.0625353270068012,0.8918957446464899,0.3786075766718684,0.8171290244435436,0.7344810994654977,0.8046486022519677,0.03426325163033073,0.2782051085604542,0.6463852840079061
series44   ,0.9544964251425542,0.0158203382136598,0.10637610591824509,0.46456255293497273,0.9316341286204141,0.599477571394524,0.5917217466222995,0.043383243321981624,0.8296331574258731,0.9241656644982648,0.5079056598471836,0.8148401995075266,0.6405145721142872,0.7854279065212082,0.7846640855726889,0.8049122597932405,0.055122874745743955,0.8270250144635539,0.49520938147532534,0.6358735557677039,0.7249795137688922,0.8453323252826446,0.5257907303690144,0.3287047164354381,0.9527038307780863,0.4469406888808327,0.8891983691029498,0.06388822222705848,0.18426511095127762,0.021374425997893076,0.12637821346807054,0.8874005386279661,0.635198933352368,0.9782344351638302,0.8255395775852633,0.6349555610680081,0.813259723576268,0.8807849259953745,0.5418132984507705,0.28781991251678374,0.32164701785541994,0.8197199658616503,0.9805679048032248,0.7254603606814648,0.6905079597133519,0.9651479530666565,0.9445728028547195,0.5152792176287903,0.5562814134005731,0.38985086406367186
series45   ,0.9548118077567452,0.7340820733839728,0.21856107657608714,0.18512167093981358,0.8115991545869421,0.18008290407921346,0.11521241784722114,0.31429675305764315,0.4850288450880502,0.7179000903808854,0.7217758823563356,0.2574569403738378,0.754117264865787,0.5324138431223692,0.728188526706459,0.5015050777045476,0.34049297271067636,0.3950885839503775,0.20606268239187076,0.2337238590669587,0.6651758632054108,0.5006616905788606,0.25712382787008947,0.11888906008394606,0.9626020433986989,0.9796471845094289,0.47742001905428766,0.16974248194062913,0.308464061307513,0.8458418398474513,0.6378052723904908,0.28223008521408544,0.526939973687374,0.5935238945687701,0.3845359744623381,0.39473297289960296,0.8455457866426923,0.8876848815683228,0.7787632791738914,0.08285071368941321,0.3128926839297873,0.048940621357300484,0.4588308821232906,0.4411406145154918,0.17275141325441956,0.42533856321455454,0.33552924587561705,0.2817576936403463,0.921612061461439,0.5278596618776769
series46   ,0.06682559691141865,0.3246810511598791,0.4173328237117474,0.08054561036618435,0.27148414570575274,0.5189751889878629,0.8359928943407472,0.31345211455506217,0.9045375007694705,0.9588908970401304,0.7884846928682686,0.5766156081201187,0.8876422235025402,0.8491717145667304,0.6994112513378872,0.9554104611755466,0.5466322816362109,0.6664863590350533,0.7461041004021817,0.7411391382731339,0.9655762140421669,0.7718693485749059,0.5188350157245237,0.8931983206213527,0.49677767459352407,0.03709152132998217,0.9461177139944392,0.9858093474962236,0.9676898774386454,0.31848663596215043,0.5261657207837288,0.14519829538606333,0.5681426768346538,0.7501061218395905,0.4544334422209797,0.2709443105163819,0.6353933000721038,0.5273675887188064,0.7174175541386193,0.49911727171197995,0.8433235333331773,0.491735546515625,0.7674793405700892,0.304890259796734,0.12339221789679722,0.019687005893548548,0.15431416724499503,0.4058886561869044,0.5608460802015836,0.9661314474269884
series47   ,0.2801897727793743,0.979625328543593,0.8551942865040677,0.4787309540484531,0.7335050450028257,0.934089486454767,0.1165902042296113,0.3874270829368225,0.37081756824662215,0.7777263189905977,0.41919282866185326,0.6066085979546436,0.19693013043189567,0.7135183981035738,0.5936629228198907,0.19746754927296484,0.4432654594562424,0.3309953632938165,0.28279382383391904,0.38519022018966154,0.3307229592541724,0.2065240032821828,0.4959445493749822,0.20506462353891763,0.5525716355029073,0.6262307645781795,0.16459958968011812,0.2906072164295527,0.2771423958679434,0.8013633102116411,0.888997372555022,0.5945714120570688,0.8001650782267414,0.7077835499931582,0.8119968297550658,0.5165672885425117,0.6569594863657935,0.7967708453049902,0.7293373519609818,0.7794930497167811,0.04298526479940212,0.37036222524189166,0.2928587869674618,0.3503943913137363,0.8291030228545956,0.701027883762027,0.652607723786009,0.4527004284306678,0.458994156856697,0.28491208639420684
series48   ,0.22327033746099545,0.21749620338524167,0.9888946403730997,0.530903302363247,0.08035235973058386,0.7589511490151444,0.24686215896508124,0.7303163347339046,0.01329028372664176,0.6505584991571536,0.043966471286083664,0.9396829536720235,0.5593103700597987,0.6041853278519577,0.6897156084335629,0.004855220132626514,0.8996881337517348,0.2643086203507262,0.7672157896573356,0.9914979312678596,0.4337085934511695,0.6654990645826891,0.32545299668780403,0.3185905011368487,0.9804712662395809,0.5319131570621711,0.6879478683726259,0.4734327411128294,0.4913158512624025,0.5731651613184693,0.3638569448880906,0.986636101826,0.553835067343249,0.8276250118952561,0.463832537053504,0.7227562581936123,0.6156152427739239,0.6878463185552601,0.8966395854880282,0.598603767391659,0.9438203675882412,0.23665393274943058,0.7279758771481748,0.6702612672893689,0.8698144753742819,0.8833823320641504,0.1874214914274882,0.15023113995084758,0.40167174097383684,0.7075115618752524
series49   ,0.6714248375772187,0.4393027806481977,0.6525771354715862,0.1886312045449028,0.15428703279064038,0.34869229496396703,0.18464655558679866,0.3365360661627871,0.6647007302930243,0.5595991338993024,0.6334107840439642,0.5607515684417919,0.25443889470318626,0.5535745997351643,0.4171644683646092,0.2280449139092584,0.5522632729852351,0.4088339798624552,0.3819049716678692,0.7119137341062659,0.05336076365023912,0.3577921844784687,0.4061919202618608,0.8492978477688028,0.4377984546930336,0.09597694978656934,0.7590368051209339,0.737895591274385,0.5794010038528838,0.6104125096572295,0.1324181457902336,0.008416444323353423,0.33007273914048707,0.43895062126164597,0.8603832218018449,0.6223538804390691,0.27052277518813783,0.5582791032273557,0.04135553909605527,0.27538062615820835,0.8775249661121658,0.2663388430786008,0.14021425456144798,0.759859234851104,0.03469965768961336,0.4475427098794036,0.9899052583123179,0.9513266042837255,0.06580675829865645,0.5240942858000339
series50   ,0.202459195767979,0.5458394942247495,0.16784887167048168,0.6231216926059253,0.08378580604431096,0.1398540478603002,0.9779989250330648,0.9370656017701274,0.11583097088811678,0.704606428697221,0.7215224475827599,0.8695252949611119,0.16446291007154845,0.22236890852635327,0.009985755273800523,0.7838252355819333,0.18892190512804685,0.7983989358612781,0.8209855246597305,0.33688806230255464,0.038513207672667304,0.9635627734884512,0.7334489008790914,0.5306261714324955,0.897210673932673,0.9147948631517682,0.054311173716984795,0.6730716100584236,0.15382842018547016,0.06262249227979344,0.5606029192773055,0.6336462866619401,0.656823758752071,0.9097914338365226,0.45338952158448576,0.03020750502699676,0.05536094803361735,0.31001914864531943,0.5323389664295128,0.11234354746485409,0.04076918950768804,0.7439595481507938,0.1029469328720537,0.6891491746975996,0.7557608598409608,0.4271907891751283,0.2134069936244294,0.8462331874051512,0.09472995645128779,0.8147290685613773
series51   ,0.6477103997096695,0.49029717240899184,0.7819373530507546,0.6963476673485889,0.7252511201332866,0.6476717317196243,0.6424159721391464,0.031174206670525395,0.30330102618902,0.4842207920270386,0.5656221716758463,0.7097060314982345,0.6004204727440229,0.7925650303083257,0.16794903985763665,0.48552602571437564,0.3730365021833738,0.9018872741304189,0.6991747573247415,0.07707723349487816,0.4137825769217458,0.6550096067781241,0.5982346949512541,0.6654068180530319,0.08476973310968827,0.02249726770450189,0.9401802439812114,0.7144506983109389,0.3737639353758033,0.2210956003803013,0.2587776715685429,0.6855303646210269,0.037414161317744776,0.5040697167665744,0.816916733134507,0.31957610525957336,0.6214258508836505,0.07406108308596815,0.5329287109010461,0.2801480983024124,0.2038086150825681,0.9660489434670746,0.011736616307105652,0.36192519996178374,0.7773545705520825,0.09927935046490777,0.5942904105423813,0.16921422876591785,0.36589946073363544,0.546640499005839
series52   ,0.5375882040191579,0.4362002803372216,0.0049967364379835955,0.6910323882337936,0.3546431751597331,0.02197808561340653,0.596551297165866,0.4936844801257799,0.05608215210635603,0.6392858323425791,0.17059075557164527,0.9970840896007087,0.4562726515071146,0.7536409147557449,0.8414380770647759,0.06739400578082744,0.35561948637568264,0.9620338503140193,0.4801224651567977,0.12539419871941349,0.33997012870013765,0.43876914405223155,0.858534844436657,0.9244551885565601,0.9137991804928906,0.4930109188780831,0.5983935001615913,0.81992992742552,0.3731640137794112,0.9330200395408241,0.0038034976289975653,0.4009265169563251,0.3463459948195111,0.14753531686110588,0.17405187719208226,0.23537027552421175,0.4144203213885125,0.4600616076480277,0.22169086635581015,0.034679893627677316,0.5213561708403719,0.6136265046176161,0.08823964207521628,0.9282863267148607,0.012831478526919349,0.027120725782093125,0.6398632800458797,0.917775108350403,0.9423942768410778,0.9942470433370056
series53   ,0.8351222809827519,0.7838799553449391,0.47137523572402207,0.7227188852056498,0.03199335413098914,0.4716201916878391,0.5078061784629321,0.419483401923498,0.4268148248578756,0.07346734028649371,0.5973964211254146,0.9415719691277011,0.4467258165248019,0.8691471522504229,0.4457898214835774,0.08256824204481217,0.55420091969232,0.7047909200481003,0.3211741416685435,0.3080973140681498,0.11300297719161378,0.44066892435783545,0.04445200538784255,0.23908572941081363,0.47403177685210063,0.15597335229425602,0.8340307587761455,0.7203210132181884,0.5310105690057172,0.6419073138970985,0.7331289898945984,0.4231754671519057,0.5141703183050931,0.9594318169987426,0.3109375490245373,0.713960868894058,0.784874165777595,0.6883387564433995,0.19420097817965276,0.03400851884749356,0.5008448628856567,0.8255071152942018,0.1772392934862066,0.9796180886392157,0.9747767210993424,0.686196947725992,0.40392392592990656,0.7140697318866194,0.5143735718799222,0.6442800053372535
series54   ,0.40562682399352623,0.22360114714032941,0.5822384809864817,0.9569068412833862,0.381960352920402,0.5924589148422215,0.22923381050640568,0.8956320647874553,0.11441644082654678,0.004007963349943355,0.2471862451625555,0.9432271358620595,0.26588171235958924,0.8367167507955422,0.8433992811402191,0.42854782889591814,0.1660471934522606,0.4147489690383033,0.3281405974942899,0.24581225624448744,0.35870482303630136,0.3648568020711298,0.8577746103257183,0.010293091684055011,0.1640653741974677,0.08469297289404065,0.5940175942579186,0.7283852224313955,0.8355816377123216,0.06876162784396522,0.4486798907943449,0.9033584440940979,0.2755575756739582,0.7227569888390907,0.9896294785278276,0.3038873709194593,0.614887842836102,0.0785677707267195,0.3624524602860063,0.27765596468538123,0.19758290730655836,0.10990765311145712,0.040258902385756024,0.2042779722728325,0.3390593886224592,0.18177719004078174,0.8554375134126732,0.02466017464270187,0.5998019805764124,0.9850689976945363
series55   ,0.5809383732671962,0.22555034461603496,0.09775275249487292,0.5575543844598922,0.2732309694386411,0.6458566494457166,0.5083602579197307,0.6062834315626751,0.4604788739124902,0.6376339318478723,0.27926960590202965,0.263172246245449,0.15489499896151948,0.9449718171627057,0.2363367286820156,0.41918618375543515,0.6469307603513688,0.2670656166622959,0.07816870594457126,0.8955529524904432,0.897345895803532,0.9489760687504821,0.2895673604624681,0.8885564942923169,0.7491439040804941,0.14400371424801905,0.8564943256056033,0.36064857659841454,0.4417887220936071,0.3009333006672661,0.6631100756616788,0.6472330046803799,0.00809100041208366,0.6246988884541723,0.40516654703413657,0.198183788496468,0.8490198147636154,0.10194520525204609,0.5206891446218294,0.725135577142189,0.35278411788206787,0.24154082309953184,0.922671527650425,0.9974967343895739,0.7458400882167161,0.10913905092009801,0.2914599699120276,0.8164592174380102,0.9926328294264358,0.3553830595105554
series56   ,0.2145725590367913,0.49324454678046226,0.1287854597910496,0.8625711332221218,0.07395482843556633,0.9837788420440928,0.7585067224734613,0.8873150583235144,0.4022696765745374,0.7832130673414169,0.8798514245831743,0.517795791391866,0.7076438804893761,0.18582118593362218,0.8527310622559232,0.050612698014955604,0.7114855757053887,0.8681469298108356,0.27433712037735614,0.20964388177270143,0.4830234980610334,0.014168961025927462,0.27886541871772386,0.6484724038236894,0.4813100893696024,0.7237808400156704,0.5287859028860483,0.8541037375315234,0.5426777752644192,0.6934753268194204,0.27844799424087974,0.5793820006567807,0.5435928543576006,0.7220771034469149,0.028305625325184103,0.6846182150949198,0.9842084391390346,0.12915759302906593,0.42533312285860936,0.9882361378882335,0.3321890955191713,0.5232419680022796,0.1312882359181775,0.8713737769701024,0.4616177856646684,0.4047739446883104,0.6866279724683109,0.6147747071741914,0.2646882562795031,0.6190045035172542
series57   ,0.14244082885769782,0.4222482468952574,0.6238046343211249,0.33829013582347034,0.7262318131385255,0.43401183302445046,0.5038313355107599,0.8973825577294592,0.48162157008633255,0.01597382441072548,0.35513756355745696,0.22123270664171069,0.1365642424359853,0.6970072909628454,0.33907066011372355,0.8021484142215672,0.7099971608779065,0.3957501851666769,0.4288086498213415,0.2697703678747023,0.7945392378964402,0.24494905617539842,0.460575035590709,0.9180741885649921,0.22376399504133704,0.7959014033948778,0.2535686288329215,0.44679377655747743,0.8327368197844895,0.548901139109455,0.3747343581703264,0.5677936802222288,0.9008088523965379,0.31449835080029465,0.10797786207698801,0.9462006132440687,0.6373402305603585,0.4034988518813387,0.5128887674064498,0.8181879755531867,0.0615080698794741,0.8490002438433679,0.8101022487747542,0.15342720906855767,0.3539928106832485,0.9356749858726702,0.9004394155536904,0.5619259959801283,0.4972829906001698,0.5777908489612127
series58   ,0.9422955404310317,0.24014779579483192,0.6939570063676465,0.4403519313864539,0.90773623500878,0.4180988000759216,0.7960744678487529,0.9769274905649759,0.6065728641457417,0.18649250273773754,0.4192690005227545,0.3340613604322902,0.046862431332726495,0.33290867045514183,0.13358726300343426,0.30796972076695384,0.32657550477031827,0.2483366628713487,0.1103055978189934,0.028005359392598184,0.43416204957146665,0.665504884019423,0.5033034855937338,0.8141822117825878,0.5909890081706062,0.38808195039465165,0.6004774344315994,0.8648171374370226,0.20900458282109802,0.652002896618083,0.9933399638974443,0.2965600728455613,0.09981882773576956,0.7170975367959993,0.035530499451353226,0.5810875794388671,0.5841944154366229,0.467838211006824,0.2632945332082117,0.5314510778410263,0.0821163185135041,0.28778504918940184,0.7078954751446583,0.11954291852439802,0.9298978255968557,0.064119184737091,0.3984908656931694,0.961250410228652,0.7490692720160622,0.5348656347715699
series59   ,0.2757652782266766,0.15956285213751542,0.6033909446297091,0.6261894316314996,0.09681918773727838,0.8094259481339668,0.7087495500100263,0.8936919984670654,0.07671633987141113,0.0027837351464866655,0.8383164305914313,0.36637547448373897,0.4507643112121551,0.012946420296090277,0.7019035288451849,0.20641032423080619,0.5692190553424389,0.5887761475689746,0.3476589904152313,0.2918005355536881,0.8102373009553683,0.034495736104874775,0.9754797042953075,0.08421311843171553,0.6432333923047887,0.44520024124502966,0.4639373664382864,0.4494581134015053,0.7935031609332438,0.8157967745503121,0.6158402438897489,0.9017660219938687,0.06881995450371525,0.5480062017963394,0.6500626009774286,0.9258740241242909,0.34601324473219186,0.19226707663886422,0.7101590916434901,0.7295791500632942,0.6885406239656771,0.05387148725521107,0.35870709809987644,0.34476725039370226,0.7963162457156172,0.7297044549712864,0.2232332333701419,0.873552878887164,0.3360499071026325,0.7294412684282581
series60   ,0.3356943016474262,0.2699617999413565,0.5776141398420835,0.6682837094426686,0.6009441460558083,0.6497385401651365,0.8666689615517782,0.7624562653106931,0.06286372270104446,0.6000733990727254,0.9087301007600626,0.902857035659159,0.7063846790385966,0.4748786350677431,0.6047769371800537,0.12907769714472206,0.736826325077876,0.1271412501522956,0.34631957518287104,0.549911344734792,0.49470307901041155,0.4472679424274607,0.5999194811033851,0.411686002096171,0.5755701582334858,0.15015866602683237,0.5684779692662856,0.44844830153708104,0.8068671511314329,0.78408011372073,0.032246700857762156,0.9774575535608536,0.2528209561676502,0.08790625689268161,0.8004015584885361,0.6021252103712088,0.49290050293863363,0.38827990732451434,0.03512530531199587,0.5842830147315372,0.2706622175392416,0.7767265557046853,0.7543318260156475,0.5750551441377224,0.8202008722233978,0.5829033177003027,0.6752329257881433,0.9516658701393598,0.7210800316036116,0.8187461730206218
series61   ,0.021328477624766085,0.5977744980550881,0.5853782794718171,0.2223414778887577,0.6814318069913796,0.42392804528111117,0.03951166381226201,0.9287876232067113,0.553142595271967,0.4887828939825435,0.48885082320557915,0.5980718589820831,0.734888510391665,0.43891852014442134,0.3389967083593749,0.6514203623055014,0.928391501268391,0.015678838700226683,0.20900884981117107,0.4349161710299865,0.33246009814397204,0.017851425378579644,0.6106439739119766,0.9460156173546339,0.05253647298432085,0.3110773897665875,0.4947494850269807,0.3020478930383682,0.3960041500117114,0.12868851401627524,0.7684907474084323,0.07436555116030896,0.4144341792837726,0.11219729875550144,0.9437502166350314,0.7664844619011143,0.5367691387847815,0.3325900021355419,0.23140942053941693,0.35130321347126814,0.10657874879892049,0.15621831334441505,0.5793638162768598,0.13967487464330264,0.6469959571130292,0.6679628838885294,0.12608411018267585,0.5786188517657563,0.7501099752848324,0.7352157828233764
series62   ,0.9988421942745602,0.6946160062655645,0.03625799381450878,0.6608417642691795,0.6369286735497132,0.286948792581587,0.5835191778167386,0.2694831293570178,0.8525661239743415,0.31577932755425653,0.23723148835370222,0.9318237684505865,0.20357209795115305,0.33636222238438074,0.09034890090539693,0.5750383411863154,0.20702566349770912,0.5885054087390618,0.5480920519606929,0.8430114654113796,0.35504926724218344,0.7075205775660939,0.3855904144117469,0.726717323804428,0.7763777287818845,0.7085473777242145,0.24115518783950118,0.836878394747864,0.48692731358234975,0.648891352703907,0.7319141256654761,0.9942702159798366,0.4960340623134699,0.6280095508140097,0.49253517778866507,0.8655706709894575,0.07408050983713399,0.11562180617695716,0.28202818287757103,0.20973076445594396,0.5033204312251014,0.4392980126680678,0.9725414758354355,0.30718935776291845,0.026255075344103096,0.5396271015256782,0.7598748234634664,0.534045867412733,0.7365333920855713,0.6699405407372211
series63   ,0.1459330448854188,0.6401300683051301,0.922908433713453,0.474955506689944,0.5274855199373825,0.9191217672957069,0.30817105761462404,0.44874771716272166,0.822086661752639,0.05670066720503297,0.5927501183078273,0.3756454490874721,0.44729462724696023,0.5330809275457078,0.5652323654028529,0.8785527334278836,0.7458860119520845,0.16793685082980414,0.42326458314848203,0.31406293335530555,0.9819035591608641,0.6962603181516777,0.8125939763017936,0.17010858664387518,0.043852464874687525,0.1675398549283299,0.7278296763419154,0.8184888168487472,0.17973215111394913,0.318124924367821,0.3877463958507994,0.8443231189269432,0.8918945287753309,0.5358045752027093,0.5253744136687732,0.10188577881270933,0.3683556998906057,0.06095870285497618,0.7956573852817678,0.05799513370355003,0.22508995283964084,0.2084101888558454,0.37672970814689877,0.3553820439390406,0.6228973923460003,0.2787818936931181,0.2326375932120598,0.03583926458359843,0.6490947400907721,0.6828525553336665
series64   ,0.5209812164756428,0.08128603657352906,0.04527056283744424,0.4978538342733889,0.9357640019500831,0.6235651334951716,0.3023618769849793,0.5512766933745333,0.455825438070244,0.7320200683597825,0.6555481562338437,0.9663893622402487,0.07403972101987089,0.7660259528642548,0.20431533439480642,0.23122171789903667,0.3870218005631756,0.9424707020190903,0.8215407712794945,0.9547425299191274,0.723895343492045,0.797702856185117,0.26499109987817737,0.21979538631070328,0.7411423175091826,0.18820691527852917,0.5780246741625077,0.5882530734071879,0.8173755868268829,0.9165528834249153,0.05913177311504836,0.28270463451916517,0.2860208966926092,0.9702670874568255,0.20217614374166093,0.07726422285477264,0.1305835956869239,0.0529233932478983,0.6363758994274334,0.5381906052636103,0.6531141826365785,0.2089012417205296,0.776140698517428,0.33389012485478164,0.2291926494018801,0.5154950575512579,0.44548516628459245,0.42910358672966686,0.8166599398227309,0.9275371583039764
series65   ,0.6241039956342309,0.4652872229952394,0.7139876463150617,0.16493038567432639,0.16808011971683168,0.6646614115531014,0.25778909211223133,0.9577075425768384,0.5464776675309455,0.7534659329664809,0.4829848801579567,0.6638793767477942,0.3053156518493957,0.5209452456964385,0.155805938971865,0.796157814822532,0.06241862983598789,0.3080931761149519,0.1477807664682822,0.5234825388051488,0.4565541351903063,0.04284195308120342,0.7249266041792413,0.9124474558095518,0.373335073352864,0.5906829310718712,0.9133385558229558,0.7528428168296056,0.3022162319220537,0.8845468958984488,0.1251947240292236,0.20453668830218508,0.7645926680414503,0.3409882185491999,0.8805983941854654,0.12408616939029704,0.13075155634479207,0.5408612413169345,0.9014379158909962,0.8702341880054001,0.15055738433984978,0.31663120485196405,0.48960159221920496,0.47338222859546764,0.20251323389275044,0.7449716922431971,0.5582617658436752,0.7604393074876632,0.08169340258244107,0.07375066644541195
series66   ,0.5455276049935929,0.6229230195007139,0.6432794613029428,0.15440180042268525,0.28474541810976717,0.05028140310170137,0.6954120770190182,0.5760834972320751,0.4748082363719106,0.48365004198450645,0.3764616720973356,0.32179237504065406,0.39292960965436763,0.31822728976644354,0.9630452625091626,0.760641267618767,0.21397821109076498,0.34841189368884073,0.45921030132021123,0.7731442257963386,0.6694565694534943,0.9964243744991383,0.9279279952105994,0.3431170006400237,0.8787250548447022,0.9228025398861881,0.928758724391155,0.21071947531558566,0.9068034273513599,0.1809559345016455,0.7341976427435761,0.9453407115316371,0.9759964659450486,0.9151492196076303,0.5250122130673047,0.9923086357383962,0.780044806508985,0.43259034058880985,0.75794396135603,0.36913738828984743,0.27316919676468066,0.9570571046918296,0.8854731875422527,0.9413039182600516,0.7840511611864834,0.09672860567435448,0.7919063985914291,0.3441976274643894,0.4343783909637311,0.9879010650994485
series67   ,0.6766911509673965,0.08649646644516051,0.045707533890637864,0.3264231130492743,0.4000334277219759,0.2242115443557401,0.2648199418840971,0.27959611439097987,0.08097686056701714,0.2700234746794633,0.04873455313273645,0.5206199775014871,0.8399931626376762,0.22735017769761812,0.0034835919474270893,0.18735115560904925,0.9488977625178674,0.840696373452532,0.6988907437447012,0.931541633424961,0.034186678016402294,0.9321693923366647,0.044317568582832756,0.03346311052281714,0.9662439023607753,0.8314314520931381,0.7990510545605181,0.03338777746979871,0.03842712945198701,0.9685517599061857,0.056990437580686004,0.9776944386582728,0.11562350852593062,0.22952746069925523,0.2411979297792871,0.02110974856172565,0.9958790934317426,0.21407287818549614,0.12455974775812528,0.034357080447415145,0.3592923966736432,0.2543494663811732,0.4785928062057707,0.8668508855937183,0.24224761829047936,0.07534917367890215,0.5790498209187098,0.8329341300343838,0.13045694554296472,0.9877423192181821
series68   ,0.09118183336909547,0.5942396149853459,0.584288305079074,0.4418652605757667,0.22178055186904977,0.37938962934517406,0.047063930625886985,0.822177894360426,0.4542499210337756,0.16410205740712636,0.16315565299948664,0.32993520621143024,0.9927534151030888,0.38071166830483116,0.33971497191906497,0.503210944663647,0.5751577036869632,0.6636065438335451,0.5007978984198321,0.5022846088148123,0.8621205338211168,0.1675570424674141,0.4731907781543979,0.6591266741457236,0.15297876611488392,0.2727312963462044,0.9230748784365584,0.9962344366232738,0.03529750987374691,0.5104323269232702,0.1822374967035223,0.11991149840144477,0.13031371266017744,0.29917014186455704,0.8176835569044036,0.46113090429825165,0.30600230670559525,0.5817932014644747,0.9320016076186485,0.6126061197998074,0.8120940746432598,0.7521104875288996,0.2481474761564555,0.3636336230707873,0.27305714266117953,0.4490317571780096,0.7393657703242583,0.5144916102066769,0.3177727795292393,0.6685472704085632
series69   ,0.9377681646021704,0.250595290821926,0.07798762196234921,0.9491843950993744,0.37118813013559526,0.35941851154914284,0.009315962845118708,0.28229239376539317,0.8339751211933939,0.8992274878564966,0.5225850024064245,0.41358821147137825,0.5327368891683808,0.23428287608530374,0.8531845580666176,0.4219918419242247,0.3531746776189377,0.09605395424013552,0.516130619623467,0.14760096842970916,0.00770385025968201,0.04270037024793483,0.8000436034929719,0.9481656676542974,0.10407504249893784,0.4732086265817227,0.24836270792253767,0.6909566427947337,0.8383902853578447,0.850485851159479,0.05830562116837512,0.18966558178265325,0.4073451694104142,0.37409206254193017,0.46174668873271696,0.6357591859488535,0.1685032432134258,0.17500191124802433,0.26858797551539104,0.4237013527777086,0.30705568308320264,0.257146917365792,0.3656346237288005,0.42906362136096554,0.19069849330315025,0.8671584676172204,0.5745061180237421,0.3294311942041196,0.06889281073836451,0.13536128027561867
series70   ,0.21611071677802463,0.9385585576855454,0.8009763146260296,0.8767085158290575,0.96075046365282,0.5493199500212641,0.9987191817537517,0.028004381274223444,0.6156002419420354,0.5064883834698697,0.6230470897093046,0.4130056973406515,0.7094275235558667,0.8831050534604198,0.5742791234867731,0.43738832691808616,0.5501853789886043,0.5723999016463225,0.9506623699279582,0.7275767384715879,0.5024336063576786,0.6623681831701448,0.9650526101504281,0.1721502190732095,0.9021221739980063,0.12455075161491691,0.2262328200286028,0.16822958065785576,0.25678894419747156,0.7224285140037344,0.2472087826161955,0.8018528869488545,0.45256113814179366,0.3905179391243898,0.6064555195200083,0.09486390150103385,0.4799201779356521,0.42463253928907396,0.5457507261795419,0.8039386414409987,0.6161043358023257,0.9842929694507637,0.7595891657601794,0.04552532359270123,0.043063110115529324,0.3805360851189421,0.921268656122523,0.8564957035929495,0.8042710934557052,0.6902779184749218
series71   ,0.5682379802001352,0.8451330279378212,0.1457979200299241,0.47536074469249545,0.841282175321796,0.33088789534695195,0.15364506465982075,0.5250480836671912,0.4911527260774733,0.31191860251164794,0.8980139917552078,0.3833178383276865,0.48389603244445245,0.052270745685151665,0.8085606417244395,0.848379202259859,0.4724784574004729,0.2287112088652451,0.822863171710145,0.8422095280901549,0.6208570350864623,0.9209567114014239,0.9274546618778743,0.3441982980161614,0.9128136003857723,0.746044104246491,0.025593775882478353,0.42318480555655147,0.9658498681746822,0.41283905555073497,0.6653385203211127,0.14993551806887084,0.6438960788233429,0.8149560556559547,0.6789028163879808,0.17816535860354854,0.7081288997183515,0.24190129359285417,0.06775878300924865,0.44158172410919794,0.11503772402802293,0.5665426984975166,0.08021772061150134,0.0010443117662402024,0.48293676295633625,0.6517682203648089,0.27555586056575576,0.7981629726893014,0.7071893666252023,0.3387691478384218
series72   ,0.707928761724051,0.7099574861771745,0.050850354165026035,0.6622569653763428,0.6553142328433748,0.563201804585996,0.05276101422495172,0.5557440103663343,0.43906817601053316,0.9364391157420356,0.3094714681548172,0.7158072199959008,0.6527808668793852,0.6748838506226336,0.9168964677522412,0.6027496890290247,0.4436459031325376,0.38300792407425077,0.8925874761897066,0.0009841452025977082,0.2984432612766915,0.6665614577996273,0.708966350481279,0.04738932539963192,0.5246915374348887,0.8213719218081582,0.699676999060712,0.9632952318924213,0.6093228980368037,0.947135127975366,0.5224326111197493,0.5795030049175585,0.7503254682862933,0.7356637206876839,0.3791293588841316,0.24188407631964548,0.1510693723270956,0.38656891231905033,0.36669053171351174,0.14066083775462834,0.15585111869481982,0.6676503398842917,0.20538686127584393,0.20314840983176796,0.12657411408444363,0.5991979894715104,0.6407921075865167,0.24119450366439565,0.5201039285485428,0.7517744417175399
series73   ,0.20937899307905106,0.9488147560539512,0.06374994373253806,0.14484515058495018,0.9295552368211306,0.38413875475589854,0.5442726504259191,0.19611395729598002,0.9631081828870519,0.21697678807530096,0.17596413262345723,0.33539837973993636,0.006859077040220152,0.014316286544269086,0.15281653656471816,0.6890957349072027,0.6342798689657239,0.6327643942515492,0.37895857920767906,0.9265653595347789,0.8706951373497825,0.22514217058764396,0.14102083501453644,0.908858807918634,0.09168141121237294,0.468815774544882,0.4232949215878272,0.5020262099566702,0.318781757335057,0.03057822621996875,0.7844732012815995,0.9848701335943658,0.5952012181538007,0.06378282904791999,0.37685947184037005,0.043227378649350556,0.2890372098049503,0.7779448059105543,0.8699588122561966,0.9975418413511461,0.694418145002844,0.9320892391382475,0.5964695882813927,0.18069359384626116,0.35199859435014846,0.3534561067990706,0.30486176966882406,0.5062066388160301,0.5871918325848523,0.2624124150947257
series74   ,0.16261069762388736,0.4978155211854135,0.1790355603079158,0.288529573589958,0.8815136497064907,0.6181714856035516,0.9638830921062677,0.744901172078925,0.5298119124338649,0.2892404202164116,0.16767507058187514,0.49553626621471947,0.8297961011248184,0.9326872649568329,0.9610896604008187,0.4760083036925298,0.6491720612911056,0.5067787139039877,0.709700620689433,0.1375875931940148,0.9089772497378416,0.18874536231363648,0.5149472134579038,0.03247782583954484,0.43044337418488154,0.02073964657559879,0.8244831318245458,0.1421237016461644,0.6664203728775877,0.5702508222431175,0.6170349341327493,0.5381779953519291,0.5611004159283052,0.334192592709892,0.26542675605510446,0.9118290159400378,0.012816171236899931,0.9106912477639058,0.34336555638374977,0.0988772350145819,0.9186886161636595,0.44405644778112396,0.02258023107809759,0.021526039818179465,0.07603045034547451,0.7883577348598991,0.5206022216646364,0.20194990157858306,0.10123620251628584,0.5710509600003172
series75   ,0.790978719494751,0.6816206429697428,0.902977195382767,0.7091733849038829,0.7787191874381892,0.5624664482626289,0.28920353839946045,0.7564443678214415,0.6542073160386433,0.5266383325260799,0.0953322324956587,0.13707587184297587,0.7381304691555802,0.07142186885030122,0.9496722631280109,0.4437662485622651,0.012514404864606754,0.2831889918736956,0.9355335194552497,0.16657373388472108,0.7180669817188848,0.6529672526514396,0.8851770282552375,0.5735509867976396,0.4172874266368267,0.9828493574656418,0.6156607563474922,0.6086328384581766,0.34028153604986255,0.16076811674677005,0.6178400970469224,0.5440179800456661,0.2467985385445901,0.6438598631252209,0.21805850776279578,0.9947036776818564,0.9183727595417109,0.2366650040426428,0.253866256320771,0.7431220045251432,0.5920227779757062,0.23199389712735274,0.27470487319565295,0.8919970041442498,0.6308727900306307,0.17085756678939024,0.30355269902966253,0.9763537607675268,0.4978944423992552,0.4052894983782196
series76   ,0.4788999049340581,0.0001321196826833404,0.011305445396549985,0.693732895790093,0.6426486915124725,0.23393685687321042,0.5004868966958298,0.7875111880786937,0.32730294905916224,0.611896104077983,0.24051190790214227,0.46894288321403066,0.2899910899847399,0.7548327048837082,0.865688618707183,0.37444507764645674,0.10818440630439008,0.07085556151539352,0.9678329972322236,0.5898144953221789,0.760908638533447,0.0981201925143268,0.3779975530669125,0.4006273501073335,0.45804296721246474,0.23815980772193068,0.6643562165314374,0.31366182331530645,0.9893411498762954,0.22706902675838214,0.37024872588337276,0.313750282000693,0.22461911154419245,0.5737887719203423,0.5713155945217626,0.8505811946640246,0.7425788432091672,0.77332939646936,0.769159478757665,0.14178362613922857,0.10333581275539605,0.9213813709535782,0.8650531104381349,0.09513098442572776,0.7972898414684791,0.9172457766562093,0.2470751929418057,0.5303122571252514,0.8872758601248679,0.5653589182638021
series77   ,0.0036736157992333096,0.7871710587741453,0.19996659543144701,0.8521927974002835,0.1351276201495798,0.7559071149803906,0.3209726659563277,0.24841605817142753,0.9032398395296541,0.26672435069878364,0.9406462064006852,0.9452715417815972,0.9096732234439101,0.2142584864152678,0.33078393840132514,0.39942163673688424,0.3007199798148742,0.991754631646103,0.01899132897258593,0.9118937237395798,0.0495369477044274,0.8498952798250202,0.6782082402540499,0.6057799748609669,0.1410048523663976,0.9411802927614286,0.6122116839473322,0.9488181979577375,0.6715128663668531,0.4398688144023055,0.33846665314350144,0.29771083586440017,0.15563950336819776,0.12586195092727437,0.20922314590971958,0.331221098217947,0.17083322603782392,0.967868708296544,0.22274037778340783,0.384935616503397,0.29323161610048665,0.17269907899655856,0.1052300667882442,0.7857067982223374,0.44851768356047705,0.20155410656031747,0.9791133887983337,0.22074053779765912,0.030754634012189586,0.31854793638723067
series78   ,0.6376752325427189,0.6908463043329535,0.16148673903260868,0.401652042122452,0.27525489499075206,0.9811305374620486,0.3328461558440613,0.387523095081978,0.2572111373493935,0.7527257166668537,0.7807274463015866,0.26956436486017676,0.8709863093600625,0.24815585474977297,0.8612307429689694,0.8240963216687702,0.3416234302540778,0.618355984991569,0.36482724517996723,0.8966817573077684,0.19376960952642786,0.881906051420312,0.1013304259397686,0.7708653278295335,0.6017743210730435,0.9575204463234007,0.7171884356980797,0.9670665982768238,0.5584967378571501,0.20442823240537156,0.49635332433728996,0.2033785891507518,0.9018652213936297,0.5244059019147946,0.5031384688927475,0.2054276714780615,0.3378059519334514,0.3700271269375144,0.2225977873865581,0.9409159189044756,0.303871988752878,0.14443148634573066,0.9611433090707361,0.7110634823641064,0.1514129599066989,0.49432715327971777,0.7517803581657777,0.07011106247712007,0.06302564861770954,0.7889153639013464
series79   ,0.23063734957143855,0.9898557707038524,0.560704211092812,0.8126877723078947,0.31638124441294835,0.7398145031506866,0.06599588697770298,0.3494747903260148,0.22942826562197594,0.683747636920246,0.7806057198590204,0.41271110676337297,0.6413934406674902,0.05304155363433105,0.4071477299939932,0.7292245644626911,0.05915623039401674,0.012609887751133475,0.7808084343500348,0.14574552148567255,0.464910639370291,0.94533574622008,0.2212817277687057,0.7039986315604942,0.09628365152057627,0.6651301970842407,0.07410871833958665,0.8989166323353179,0.604504198483118,0.03551715548540213,0.8740020958345179,0.5464402095354817,0.5404716564224082,0.11141273759148385,0.003119994467421172,0.5344138701829846,0.27883213193647804,0.5513475512018685,0.36163528385353927,0.5778909678573515,0.13246276451508499,0.9453359370173949,0.0986306696409407,0.15787804006866102,0.0023871484025006495,0.3723551653358985,0.25906814822943525,0.24505507132809867,0.09461280775941072,0.3696363780283968
series80   ,0.6140119483715161,0.7841445223442074,0.6080362424946846,0.034160078730824384,0.09333367035592466,0.18981578517413067,0.5575620497175301,0.9423842523635308,0.6288581873204058,0.7436164202142204,0.39659563337082737,0.677913878756817,0.18219653132173086,0.9814128303704012,0.2845285138404412,0.667286356061444,0.4896430555721959,0.7389507662374093,0.20549597995232627,0.22565458659232585,0.74432192015614,0.08201052526759389,0.33570098592478403,0.13237152145659237,0.9799198440314968,0.4038296629082966,0.1796957520081025,0.7193485645393999,0.547904164518665,0.093005754916626,0.09639759804074399,0.9996483483111288,0.08274437217854314,0.2524863863816377,0.9512509034808418,0.9156919573192607,0.7179167028595836,0.4323898983017306,0.8121086034887627,0.8912865375946305,0.6614716178528196,0.07765507884654399,0.0918517156313382,0.022068463129999327,0.8934274441046017,0.0638596848258538,0.5752752115778733,0.25045983216387635,0.8340670150470254,0.49436238593962756
series81   ,0.9795600202962904,0.16443305266281572,0.12907288353776014,0.1878871764433372,0.8996529421858821,0.5845902064593597,0.4549776154613686,0.9248401065706556,0.8259149529781272,0.0808701132050671,0.7633097167302498,0.5926528283132927,0.20562663933157999,0.79088041254783,0.9982705470149816,0.6651170924486778,0.2593212874964572,0.7968270252037861,0.38817170710710214,0.7471739873497077,0.5185673387700152,0.6645284424225495,0.2448134306411096,0.4818076682846888,0.34515661988790747,0.8195024406339205,0.3027041364895756,0.5028300517713183,0.10808271787900747,0.47767558421211176,0.6447807601687617,0.8731464252809669,0.3163327480192939,0.04385066232613988,0.750792565745006,0.4578329041301219,0.8255043355287556,0.47977185977199066,0.8126445401197421,0.4092956087148448,0.6813796156290908,0.6736409934136532,0.45198700014459925,0.5925283825228256,0.14644390732500634,0.710271521530717,0.8798353302864359,0.4289441779687524,0.5485147216741796,0.7941273844939319
series82   ,0.05243286911993761,0.02136365652008143,0.9050590446483988,0.2712075152230804,0.2698920194526454,0.04279790401254413,0.20210205751459476,0.7132593271926857,0.12672473792407946,0.18051833293829345,0.5176489021812848,0.038009579209445365,0.9341081862945586,0.433017278283958,0.16138963322037503,0.8649742164091272,0.1535865156018218,0.08376370485787044,0.3661780016712619,0.5851406478736397,0.7822643909103757,0.6695842082095174,0.911597710464527,0.4788248028374188,0.6880503737626001,0.8513032377580628,0.04459240077719173,0.2681493043565252,0.7258112641883182,0.6642345143025983,0.34493598721543917,0.9623377160839078,0.021280920772730028,0.7582784941002022,0.640162366588284,0.8440889099430592,0.9459067349274939,0.28375253788160715,0.45049835507513625,0.9187782704235905,0.10273057205695058,0.9303877104483244,0.49004779743788196,0.805790269058287,0.28753851301964695,0.15751216537455714,0.6587317925908494,0.8654980598575949,0.7474546250998656,0.7616804823525322
series83   ,0.12712146136928903,0.1942166713455299,0.8196187117512987,0.11216769317371578,0.41086306371211956,0.6369817673321445,0.07240448960474022,0.8661313726995026,0.14630968214513074,0.5692246226952528,0.6973620670953906,0.4773255117999604,0.019506227260483344,0.7049878042236097,0.8541804190178004,0.0865925905459719,0.35549299420357205,0.16310996177508097,0.2710856965118976,0.06010474060302673,0.1810138337354994,0.20335007707466857,0.530899107114167,0.5180074443596284,0.21427098099942576,0.28139020417564353,0.5296719361778914,0.08036440023853697,0.09309491445266438,0.4193411281595819,0.14603955093567478,0.5153680583570824,0.8730898633107964,0.6960700324935732,0.4618593920500703,0.6222734503217862,0.23785541249919762,0.5834410252302775,0.3153096879327316,0.7100307345958914,0.10598814902767695,0.6854503969200508,0.6675249912894928,0.9718014239938086,0.7478751860399061,0.1478663359425898,0.6248652902234327,0.4331352839952234,0.10746393236106477,0.2103803945404985
series84   ,0.6746859238995058,0.48514925593100877,0.07967356120586089,0.5569504180969544,0.5510364593297643,0.6249848104826305,0.7711980619897651,0.25953841903186226,0.41448858557769497,0.2177128425267918,0.10624736607598773,0.5946027217358543,0.714006180534501,0.09185044797470265,0.29848111789050025,0.9866081698574051,0.4637345643833847,0.336413995253677,0.7373200019966052,0.7081010664120994,0.4248650731027337,0.9604502110260276,0.37348347419222805,0.9168177764433872,0.6016641469919691,0.2953209059192977,0.3065422554669103,0.6294602409469586,0.225093536121864,0.3570949214316632,0.8134851983741169,0.9441331270273212,0.7075684982801906,0.33461363450045434,0.1522630705168322,0.7498052317139513,0.2631388507074477,0.9559376277081966,0.7600232119187672,0.4973565649132542,0.8266445071614607,0.3417586341780723,0.07104442444740611,0.4683390856253168,0.2756142351636641,0.5438639134042976,0.533362053898874,0.23505552763364745,0.5159658726103237,0.29920566874451804
series85   ,0.47084314594560617,0.01471848847592594,0.3284147487317055,0.37163704187214763,0.29934375484025477,0.6409671320579519,0.5327265440254706,0.24654747056059056,0.549712536023203,0.24914528906942013,0.5857623095207676,0.9391006280221424,0.5123333705717318,0.4269785783703999,0.3236886396176847,0.7579042180581727,0.5038586659542251,0.6560775908178901,0.47400884034661106,0.9055834243305984,0.7360582930533563,0.8637861063097301,0.04114547478054509,0.771265009891297,0.846472964167208,0.2234458695678041,0.9414571100875089,0.025143978479208018,0.30435122699874817,0.23716947163373225,0.6484695413611393,0.17785065704828662,0.3581042817884319,0.11990438756761657,0.6962152194856117,0.002963233572396695,0.027811220842963613,0.8735612654882474,0.1466302588613717,0.3610138959064342,0.8697141449547692,0.64425925138407,0.9634265413900163,0.4978384621594729,0.5327935360396834,0.8834907205120119,0.28844634141341496,0.35383437872632506,0.5322425505633789,0.2450457041896661
series86   ,0.35830765110001694,0.791448845273696,0.995033531938596,0.8789361693726542,0.36076804730843814,0.09579176087761554,0.18933085295239505,0.671751590398383,0.8387982373081252,0.9811021099150293,0.7770830502299803,0.857987410983127,0.23089570056318698,0.6751862859911711,0.0558513155277105,0.44064084512570967,0.9644587911018776,0.030050996286598353,0.42510697459669367,0.6183220477644294,0.5656554692722098,0.8396220360782473,0.2068591966161487,0.9886286403193775,0.6339724696153507,0.6781034347751953,0.9382963053603312,0.5975792470301405,0.11974902679604504,0.4509162970056604,0.7873247714982851,0.5857226175189467,0.6663021951913135,0.2943199379523338,0.5093076605673866,0.9859057165594298,0.4051022513152893,0.9026507477844083,0.6098816809836282,0.3760881089386344,0.6276563258305845,0.9040965950448369,0.6014676155978816,0.8470608515241052,0.26662388179012453,0.5487532908992894,0.3414954879623344,0.03752086079625505,0.2093068467479251,0.5841162873649706
series87   ,0.16608050940984043,0.7223187315604231,0.01267005526705578,0.9028168608573126,0.7292748724849689,0.6306698702428317,0.6435149172001265,0.9932874258740964,0.5413278680955852,0.9078240436878827,0.503628681269727,0.13974203776895144,0.27457466918048723,0.6645616941117122,0.9865966905852669,0.728031372945442,0.580248441622049,0.03110802797022405,0.7886661030682821,0.898611868566282,0.6348108230955932,0.8689922300410102,0.08957912822433878,0.5165080326677431,0.9026165019752431,0.7457695870623767,0.02053898141667143,0.8873861843364346,0.9323610099419238,0.6802539202193757,0.2051519181506063,0.9049369029268894,0.2462571769459896,0.09456147500539824,0.7208216894247776,0.14174799906711755,0.3545820771376723,0.7374024564624225,0.36725151266455214,0.4047255008103202,0.8822633574776969,0.05690659637178741,0.21574544237806081,0.4860931891702609,0.9993108073646573,0.6631471853553603,0.6715338582039836,0.33675216396933305,0.6626656023098355,0.8985017415748022
series88   ,0.8678428634982986,0.7316771288470294,0.5520597842014415,0.6026138241702869,0.713807287350581,0.6260325132056339,0.7325233458027441,0.4665702864837409,0.3953841263657033,0.2958868121438344,0.5975135746850944,0.41017457805343416,0.5786339112666932,0.7694063345963749,0.9474373266004625,0.00717530718795123,0.3487441296109852,0.6343243216443482,0.6235956731342447,0.7503711189877338,0.7691416401084732,0.618273825453671,0.03640922185071349,0.8087112675360342,0.714335547315357,0.3855247053555154,0.1165990403246151,0.302847070004026,0.7122173086382845,0.6873203848026536,0.3518925071676421,0.926139135984857,0.29880066962865415,0.6956884775085715,0.32782945549341447,0.19680845427739124,0.006342599611384281,0.0713230073962351,0.8685007641659166,0.5612970171113777,0.6417520439413203,0.04281922153331719,0.3195258175835247,0.33056480676803024,0.182369066973757,0.4348583295784739,0.8363566223253112,0.1713202424392679,0.15614241482025382,0.13746448589004145
series89   ,0.7022257086841799,0.13288517624182927,0.9106636756687004,0.10583437595086476,0.8089626306086706,0.7364601269307899,0.6208322282021592,0.5422852198978798,0.4931713094574295,0.07658248073411345,0.37426869555176834,0.7617139973103061,0.5775006661896414,0.32355132762484173,0.0923364509107405,0.6501761609293545,0.08959925348865994,0.5805569914416593,0.47437765185965597,0.060141690656767,0.5772363260895663,0.8072731448623568,0.33415001739973427,0.5353019937480913,0.04706663945655343,0.20718714691212525,0.7510613640724553,0.9344810615283061,0.9320780070094171,0.309718696707041,0.8479292106560792,0.27659527100501247,0.15743753652869974,0.8825039796700089,0.18667926192088136,0.20881353234573008,0.9101201773874522,0.10128266261267027,0.19866946974797617,0.8183746117229744,0.6987418818376184,0.04103449942257409,0.7448385266530785,0.7591661223801502,0.631336450777268,0.6917383785056483,0.2487520863492284,0.27311476418605374,0.18899735822648722,0.5986597077711824
series90   ,0.4970377251813759,0.013047976038910392,0.6975183018218752,0.23767916466072814,0.1418227238124794,0.8084284462514121,0.09434101550062368,0.22324144758548747,0.6400116877089531,0.7638732891237668,0.22377832588597946,0.9887048282525155,0.6557442839583132,0.7480678005573407,0.39459351259338304,0.4227724927262061,0.9917773386995788,0.6924941101399361,0.14393616104247575,0.6547814297503327,0.6340590009153622,0.4593158282957459,0.11756179407883338,0.9603860868239805,0.5657702052668031,0.7913593711302336,0.3584661523471665,0.8083723853711423,0.18322089048536028,0.6305670617735489,0.4307974940665644,0.31810377635578513,0.42254990255718505,0.9874417815836471,0.9089681918969873,0.903774732929014,0.11503098297663494,0.12340068449844876,0.6666975978211398,0.9296665947509034,0.19932228323229872,0.41763843694586456,0.6045965034374783,0.7068400149653645,0.5510475542925923,0.00750957605625302,0.29313542477981425,0.1795098713845772,0.5811679266759548,0.695413712991884
series91   ,0.1680196913829346,0.8434177371261518,0.678252765114741,0.528051386969499,0.6278200904453197,0.9315203503248062,0.36567474893210683,0.21717581313415235,0.7100842019612251,0.1328455250599001,0.9753678116805654,0.40221869534300925,0.07542899630923705,0.4379294236826421,0.4807993030022504,0.07928253627185777,0.5499943177134964,0.976759467594263,0.37715862632578345,0.1505586276514128,0.5933738357047617,0.40651899279049397,0.8160183498000297,0.4874072025075423,0.33494453380778144,0.8856133080073855,0.39764449785044176,0.7713915362798222,0.03249496177212163,0.29557928133026856,0.3706380166083588,0.7344841747102846,0.9188467635902382,0.4200694530132474,0.25586687263665187,0.18023429319551165,0.8072800440012051,0.5116339812902284,0.2941725124349037,0.004606344063760814,0.09310998797312742,0.689682382686053,0.10435962181654268,0.18314453010515697,0.4871948360462376,0.6628900320789763,0.4677700650632046,0.1762021651863096,0.09227507078727892,0.661982943099993
series92   ,0.41822685043843344,0.7189568907360294,0.48458942845903963,0.43144504856479327,0.3171139368506485,0.9269637116339008,0.14593164722515584,0.8799652851584633,0.9377279500017673,0.36350421869465954,0.40298452463990764,0.861523299532879,0.3681639322304706,0.2953284566382265,0.21401899259528412,0.832399965661457,0.08991487497348372,0.5638555053587228,0.6873694567816824,0.6429823807069227,0.8081679351067486,0.552646629059719,0.8477026543023867,0.9733560064595339,0.40132230402208446,0.8856465453861786,0.2173494218070242,0.6449978367640592,0.8159219712923673,0.09277597537700855,0.3286791699705359,0.05074703405637704,0.3507985810315122,0.3100064613707675,0.29580332132087983,0.8355832016420591,0.01691966103589526,0.6048927915221407,0.39070807045286693,0.3933213233134857,0.7372500884302118,0.027765908915049375,0.6648303202980896,0.8022123820231535,0.9860902941740003,0.47608659095261285,0.07298993093435757,0.12173462433617688,0.3474469461829791,0.31491701971473485
series93   ,0.02005791846636573,0.9986416383264681,0.9943550557410566,0.06761942638728635,0.151474694505075,0.3250356029130642,0.5777638441002685,0.9692664757800851,0.6236469772252212,0.4042396243783206,0.692126632910461,0.33213380970884376,0.8240267094169996,0.8975766680665226,0.7633950223856389,0.11550205387016044,0.7312268720073014,0.35709564108446745,0.01227007643672584,0.3074020877979674,0.9421585961241089,0.5219052016121154,0.5234320591055244,0.027479079883680813,0.6526655608756923,0.8455464038714318,0.7894057203227896,0.6777686422070578,0.6605458423842882,0.5516897740833634,0.412809971915552,0.8986188636999051,0.646851301334972,0.051829471953994344,0.5317111942214139,0.942126391816266,0.6312573798620819,0.31473098662417387,0.9916673117565987,0.9762367484188499,0.4244382272270071,0.7481601229875036,0.5951097948076354,0.05542005824342544,0.7927441612785792,0.22041766127585893,0.9474219648027608,0.22785546853007987,0.510694005738797,0.8355100685194159
series94   ,0.9776309604791902,0.7238196485422767,0.14723999536386279,0.8672722686350515,0.3578667904667757,0.1795243937607226,0.29753668697762725,0.4328954941637596,0.24218934163836114,0.21420342310041574,0.9255302479509366,0.4515979124286089,0.305441965304843,0.4318001031733071,0.6014394132048599,0.17573331471455333,0.3544767743229865,0.06345517843110926,0.3795149010571003,0.8586886654961138,0.23423101154936354,0.7247557742311218,0.6069941930647157,0.6487590107054555,0.926654347191682,0.03109543416879279,0.07994192347872475,0.9802706364008783,0.6287808439451065,0.45171830339036667,0.2217562280938128,0.5146153403116467,0.06010847933591312,0.23604260942548339,0.29070601317142786,0.22358419108838623,0.23297685747007257,0.6480293990389883,0.7884736780182794,0.9045106722448902,0.3264813774584431,0.4364953466509315,0.8755536595501935,0.0567157054111479,0.4918070435529678,0.5349383520589465,0.5749131993503513,0.9644267304696124,0.8723086296031043,0.3999032724292898
series95   ,0.41114418554777277,0.9502854549481455,0.9194886125691168,0.4136666367551307,0.5324107535380429,0.2867924916177498,0.828150432824141,0.6388653723886144,0.6548355930542329,0.31300534552565595,0.7345999280269991,0.5156147185833535,0.9856240586401142,0.514750920213321,0.2079668916700299,0.5944903585511089,0.5044699644601794,0.9207366362071269,0.9015668639223325,0.45126115454335736,0.23489443716329972,0.9235254970437587,0.14502252601506327,0.9498383714743678,0.22580502349372045,0.30836404939776374,0.414365209450851,0.9334828502040554,0.6536324592683848,0.09107236392433393,0.961454040741097,0.30009871693268164,0.3427888754375449,0.5480716342378911,0.7184478908573967,0.522653162677206,0.7757694660890663,0.17671806141040702,0.8889936991172182,0.6885453763852984,0.9004668983013984,0.4222995068134866,0.8440585787596341,0.7725542855722074,0.0762019971848954,0.0757746332264394,0.6575567066374863,0.4413070153426534,0.1229166782858988,0.3094271844590929
series96   ,0.9008237565235495,0.4722056386297181,0.6097524599020849,0.943325786853589,0.6203599301145678,0.9285775597697506,0.9285793024489761,0.9208391957316288,0.8072012167957839,0.5813952963748699,0.5426077594782883,0.9184152016313464,0.2904911746168992,0.12727402629411289,0.5166668667143285,0.6776682988734305,0.5864056698322511,0.4725111157199652,0.9457079260128974,0.651983318851834,0.23419555240170775,0.3307172325972473,0.8741981476120604,0.05983146750131263,0.3230007985231049,0.6158698553121883,0.819548683247847,0.42460262769462687,0.4476758399349611,0.45877202217709756,0.28031455873743816,0.4904494067785462,0.5195718026323439,0.8639316711943563,0.43485979011607856,0.2562685923598077,0.46385024100507244,0.19982011931243737,0.6476791729786774,0.6046837798567686,0.6033720547878921,0.9908454320302542,0.5383326724976358,0.5061180888436058,0.09142604567591872,0.3050757948295951,0.17913758201685037,0.8590955826168843,0.17711804991783953,0.20787173730120567
series97   ,0.33108447508768357,0.10967170439539364,0.6763770372727861,0.9513316044247112,0.41681476223863523,0.6865433763193568,0.1741596600634997,0.31324249443134966,0.8571165462458882,0.368231540770939,0.2053270821991101,0.784161785057535,0.3817257484358634,0.9432959788071783,0.7778435435590513,0.7313797563800051,0.6500554218698265,0.8035585276496615,0.2517294775613401,0.09800988805031419,0.9262833868017112,0.1004944972315236,0.015490307930000946,0.1975960305326141,0.6942955284260208,0.002581718777762698,0.36492606129092475,0.2913647050242225,0.22681135286300258,0.5032145763838108,0.060270573243243364,0.4537107981314614,0.7124520360259794,0.25740874773105293,0.38646867437816435,0.6715750760701082,0.15447967398596396,0.2021881846670207,0.7324029910651771,0.3769144892110189,0.2087679656483159,0.8116330102233161,0.3298806724961004,0.14625624928382508,0.6341651218308445,0.3548584942586215,0.5876381467162738,0.17742776881072386,0.37002189899649707,0.5389174125476911
series98   ,0.6233152583512214,0.30235809042172246,0.4795546320330044,0.8654005476664695,0.7697190663740585,0.7691525690421631,0.3642563171266622,0.6255349789531816,0.9272405629378414,0.3837254729743985,0.5285860403319826,0.9088379735957424,0.4768994541764271,0.07988381921274368,0.11214041904217997,0.7773152869230846,0.6416241201470797,0.47240744716525584,0.34805039616680633,0.03360150357478553,0.1843598040413743,0.6450463974882716,0.05654324992057924,0.6633396163620933,0.07523688462484457,0.6520111136644535,0.8673860981946755,0.719750276493431,0.08529540053446782,0.6032874678556077,0.9163576445770408,0.6901718229796052,0.8149075890239948,0.2887522542604004,0.6481111439030309,0.002538774026385582,0.9625616353661974,0.14938628305645962,0.04137834598332968,0.7147470793490383,0.7532707242015044,0.6211331448384022,0.0767223599772362,0.5593863028613963,0.9693068797567537,0.6381567015206016,0.01344007197974284,0.5996650953580914,0.3395914227028911,0.8990009256251286
series99   ,0.5455350145175837,0.6397022303910279,0.006443308600187936,0.18720751805561475,0.4649010750867393,0.8476207529753584,0.5985545775014509,0.619309793622995,0.9424444047007169,0.5846451637182656,0.46298317210661766,0.7039382962143138,0.3507083219357363,0.10917427495758092,0.5306231288672089,0.24688550956824906,0.07197281837321812,0.27244349620146135,0.9620490553176964,0.11697752223588509,0.4461527499068565,0.92619190022189,0.44728759660467887,0.9633655191164534,0.37377914962714565,0.9195028509587521,0.4142430980409322,0.537586082514707,0.656349800108962,0.6998225377383742,0.7273512437823032,0.9733710521599093,0.6441313479950062,0.5510538220334711,0.484002342249958,0.37508478394086464,0.4234844864301136,0.6614428394841967,0.8332270077231978,0.42470397978581353,0.0463055910832223,0.1013109023388512,0.035273876455586106,0.8730930014464287,0.6718399431328552,0.4619958030114052,0.9763545621099712,0.04580218810427372,0.8632747306255731,0.0626829669100124
series100  ,0.3139207702476988,0.45805003531779775,0.4389025816614275,0.8275498773213105,0.33820709922967274,0.5951626630045086,0.03384197818815937,0.8032677645265418,0.2503796051147079,0.5200282806338874,0.686354514633715,0.7677459060167156,0.13407006938875754,0.4285653606188222,0.7550930055432645,0.6762214652471169,0.22875689593882875,0.7502977306889731,0.8900599870096532,0.26602415797928314,0.09008293972099879,0.554853383574357,0.1913934301061898,0.7741443349980455,0.8306391555929238,0.9139618307379993,0.9916856262651421,0.9595818971975209,0.8824221404463469,0.993188786050968,0.0030929629495372035,0.16050691139142748,0.42805011251709235,0.6091680365783592,0.1434577539348698,0.38026080329805734,0.47924158494776714,0.8441019975006908,0.4090075050835946,0.8379557151528145,0.07193089669258124,0.0856644148443112,0.019707941954973607,0.10910590703500989,0.6970111053365853,0.9301783390711037,0.6304603072152246,0.1355753286127176,0.16325019249200756,0.23785951379504466
